latitude,longitude,confidence,satellite
36.27443,139.40735,36,T
35.05516,137.07443,51,T
35.32369,135.29405,64,T
35.02819,136.87595,52,T
34.7304,138.06792,62,T
36.00182,129.39664,46,T
34.87929,137.13196,30,T
34.71598,137.28914,0,T
34.81998,135.42165,41,T
34.75162,135.42981,66,T
33.69702,132.87115,54,T
33.26186,131.64189,54,T
9.28062,105.72746,35,T
41.14456,113.02598,28,T
41.12614,113.02063,21,T
40.73536,112.00914,69,T
40.7334,112.02124,42,T
39.39581,112.78573,63,T
39.39388,112.5361,35,T
39.38462,112.53352,70,T
39.32628,112.47726,40,T
39.25881,110.17236,61,T
38.25517,102.65249,44,T
36.45774,113.11623,47,T
35.97243,111.80978,44,T
35.67128,111.44924,49,T
35.28596,110.79701,64,T
35.28403,110.80882,61,T
34.78109,110.75386,52,T
34.77185,110.75187,36,T
34.7684,110.73235,15,T
34.75917,110.73035,20,T
34.75424,110.64369,24,T
34.7455,110.58073,25,T
34.73629,110.57894,75,T
35.20869,107.15533,46,T
35.1878,107.1739,51,T
35.14604,107.27938,48,T
35.14455,107.29043,28,T
34.03032,108.6992,21,T
32.16336,112.25917,35,T
26.62222,101.60255,77,T
24.38402,109.37495,47,T
22.42016,109.95471,39,T
17.2069,102.98236,64,T
15.24374,105.23563,58,T
11.49566,104.63093,80,T
11.48643,104.62952,68,T
11.13121,106.6068,56,T
10.75865,106.31136,61,T
10.76091,103.80167,72,T
10.56617,104.96821,45,T
10.55669,104.96677,49,T
10.6104,103.63447,49,T
41.28111,85.97846,52,T
31.82451,77.76698,0,T
29.04554,82.01628,58,T
29.04411,82.0262,70,T
27.13054,84.29162,75,T
27.12867,84.30296,82,T
27.12112,84.28972,67,T
27.11925,84.30106,73,T
25.86809,78.69985,63,T
25.7268,76.56253,61,T
25.72511,76.57768,54,T
25.58976,76.67571,87,T
25.58813,76.69049,84,T
25.58521,76.68325,80,T
25.48445,76.57317,52,T
25.47931,76.61799,75,T
25.37393,76.97245,72,T
25.369,76.96513,68,T
23.76121,86.39662,60,T
24.64684,80.46458,47,T
24.31085,77.46003,74,T
44.26889,87.74612,54,T
44.50805,85.72624,50,T
41.8263,88.90569,49,T
41.81702,88.90267,59,T
41.80634,84.20391,51,T
23.30771,80.22145,28,T
22.21157,84.87534,67,T
22.91893,79.16898,80,T
22.04612,83.73088,68,T
22.04414,83.74284,56,T
22.82732,78.40131,37,T
22.41874,80.18171,57,T
21.92417,83.34735,69,T
21.9223,83.35879,66,T
22.41793,79.66457,70,T
22.6914,77.53896,59,T
22.35871,79.89174,71,T
22.33085,79.82229,70,T
22.37226,79.46241,52,T
22.30068,79.77817,62,T
22.27341,79.84266,71,T
22.49314,77.49833,53,T
21.87617,81.66508,54,T
21.86523,81.3735,73,T
21.67082,81.43728,33,T
20.96725,85.1668,56,T
20.96458,85.18199,67,T
20.78813,85.26259,68,T
21.11898,82.48491,65,T
21.76711,77.88895,66,T
15.65418,78.4894,60,T
15.17187,76.6581,52,T
15.17048,76.66847,54,T
31.83347,120.46851,44,A
32.13032,119.59325,73,A
32.58589,119.85654,59,A
32.16988,117.24693,22,A
32.88675,119.55563,49,A
32.89418,119.54089,69,A
32.88362,119.47865,59,A
34.31398,119.20773,75,A
32.24582,51.43276,30,T
32.23531,51.41043,17,T
32.23347,51.43152,73,T
32.35639,47.69027,61,T
31.67978,47.43505,59,T
31.65063,47.50519,64,T
31.02238,47.25489,63,T
30.40183,50.60858,53,T
30.39964,50.62524,80,T
30.38822,49.85092,69,T
22.62016,54.14673,80,T
53.55339,68.17971,71,T
38.70667,60.34392,71,T
55.25851,69.76192,58,T
35.45574,119.04498,49,A
36.74673,118.98159,31,A
36.81483,118.89452,73,A
37.67063,118.51326,35,A
37.69361,118.36224,45,A
37.67623,118.26057,38,A
37.73689,118.56036,48,A
37.68562,118.25797,53,A
37.68343,118.24519,34,A
37.75452,118.28568,68,A
37.75233,118.27295,58,A
37.84758,118.17415,75,A
37.88747,118.03452,54,A
38.13451,117.49383,46,A
38.36495,117.28467,37,A
40.10879,118.73695,28,A
40.17339,118.05226,32,A
9.29841,105.95216,12,A
12.44189,98.60611,0,A
12.82129,99.91212,79,A
13.6098,101.33141,63,A
14.55104,102.33784,52,A
14.10723,99.21941,72,A
14.79563,100.1478,72,A
16.12204,102.10877,69,A
15.95457,100.0004,66,A
16.21164,100.28612,53,A
17.23804,100.12173,74,A
17.69456,95.91315,27,A
18.20426,98.64041,65,A
21.90041,100.05223,44,A
21.99316,100.48983,18,A
21.89224,99.75167,32,A
22.17058,101.34694,31,A
22.77578,100.86341,22,A
22.41214,97.83384,30,A
22.48182,97.33434,60,A
23.17025,100.33421,60,A
23.40238,100.66477,81,A
23.86865,96.46203,65,A
24.7338,101.30205,78,A
24.69535,97.40759,59,A
25.07169,97.50432,62,A
25.13264,97.48549,70,A
25.40315,98.01299,38,A
25.56841,96.64584,65,A
25.69177,96.65211,68,A
26.26622,96.64407,62,A
25.70998,92.86027,65,A
26.54434,96.45018,51,A
27.74379,102.20586,58,A
27.69673,101.59917,73,A
27.69539,101.58865,50,A
27.42585,97.179,58,A
27.42412,97.16827,59,A
27.51679,97.16566,74,A
27.51493,97.15415,58,A
27.69557,96.18711,69,A
28.10286,96.54959,61,A
28.70596,89.02492,0,A
28.70203,89.01773,0,A
29.30142,91.14143,0,A
35.19521,107.17725,56,A
35.19607,107.16857,59,A
36.79275,93.33256,50,A
36.82609,93.35088,56,A
37.81997,93.45679,34,A
37.83157,93.46704,61,A
37.82934,93.45418,69,A
39.85042,98.27636,59,A
39.84885,98.26377,79,A
12.28518,76.9554,60,A
15.89149,78.49329,59,A
15.95838,78.50552,52,A
22.0397,83.73577,52,A
21.96086,78.95598,64,A
22.25616,79.83861,50,A
22.25453,79.82548,46,A
22.25669,79.75893,52,A
22.24779,79.6233,41,A
22.30267,79.73346,82,A
21.33997,73.00564,83,A
21.33803,72.99387,99,A
22.31451,79.74495,85,A
21.34784,72.99201,77,A
22.34745,79.92785,67,A
22.41512,80.39622,58,A
22.39116,79.87446,34,A
22.41923,80.02053,28,A
22.40679,79.65945,58,A
22.4138,79.63234,72,A
22.41219,79.61948,73,A
22.66887,78.1267,64,A
22.65798,77.70232,51,A
22.71661,78.00362,61,A
22.68881,77.79292,75,A
22.65259,77.45233,0,A
22.85021,78.55949,56,A
22.84879,78.54816,60,A
22.71696,77.52995,65,A
23.05165,79.95926,52,A
22.91815,78.63066,41,A
22.83267,77.90426,42,A
22.85047,77.96645,72,A
22.83349,77.83952,58,A
22.94448,78.34414,51,A
22.95348,77.57408,66,A
23.31038,79.82026,38,A
23.0608,77.61387,19,A
23.41286,80.01154,53,A
23.41854,79.968,73,A
23.4169,79.95404,75,A
23.43576,80.0227,78,A
23.4341,80.00861,79,A
23.43244,79.99456,38,A
23.48005,79.98109,60,A
23.47843,79.967,54,A
23.54481,80.07275,54,A
24.58044,77.91336,38,A
24.78367,77.02484,66,A
24.80691,76.98935,63,A
24.89888,77.06388,62,A
25.27455,77.82494,48,A
25.19446,76.18486,51,A
25.62372,78.82887,23,A
25.62213,78.81595,70,A
25.60161,78.65,15,A
25.62124,78.82362,64,A
25.58173,78.16136,51,A
25.41979,76.62563,71,A
25.4184,76.61541,76,A
25.44477,76.60453,87,A
25.4434,76.59431,26,A
25.66045,78.13061,55,A
25.79533,78.81778,67,A
25.79375,78.80479,60,A
25.81991,78.93429,41,A
25.59801,77.07288,54,A
25.7408,78.12476,25,A
25.57572,76.69241,66,A
25.58897,76.72188,79,A
25.59251,76.67909,83,A
25.82871,78.4327,41,A
25.60577,76.70855,70,A
25.60299,76.68791,84,A
25.60159,76.67759,26,A
25.98139,79.52395,63,A
25.60999,76.60265,39,A
25.61817,76.59476,49,A
25.61543,76.57426,75,A
25.98781,79.53107,56,A
25.89681,78.7377,53,A
25.89377,78.71188,33,A
25.81371,78.0465,35,A
25.81226,78.0347,47,A
25.62449,76.57275,85,A
25.99848,79.52959,50,A
25.84778,78.16254,82,A
25.64122,76.55949,76,A
25.63984,76.54926,77,A
25.91787,78.65606,31,A
25.65028,76.55799,96,A
25.6489,76.54775,86,A
25.84361,77.96992,66,A
25.66072,76.56672,53,A
25.65933,76.55648,68,A
25.98373,79.03396,60,A
25.86362,78.0509,31,A
25.85621,77.99192,51,A
25.68301,76.59447,67,A
25.68371,76.53149,65,A
25.93073,78.34779,51,A
26.02129,79.11966,71,A
26.04608,79.0606,62,A
25.73256,76.55943,66,A
25.73118,76.54918,74,A
26.01413,78.70157,83,A
25.95964,78.09096,14,A
25.78273,76.65638,100,A
25.78134,76.64604,95,A
25.79183,76.65488,83,A
25.79043,76.64455,89,A
25.81495,76.75714,72,A
25.79672,76.62239,14,A
25.8047,76.61454,70,A
25.80332,76.60423,53,A
25.82976,76.66322,76,A
25.85567,76.64835,58,A
26.18874,79.13068,65,A
25.93912,76.79935,71,A
26.2292,78.7104,30,A
32.04819,35.27547,52,T
31.59402,34.68806,62,T
39.4955,49.14999,15,T
41.64186,35.90264,62,T
41.63408,35.82108,42,T
41.6103,35.92496,42,T
41.60147,35.92279,70,T
39.9409,44.03991,63,T
40.34588,35.46108,51,T
40.21779,35.12067,70,T
40.20894,35.11861,56,T
39.24842,36.98894,65,T
38.38808,38.42979,49,T
37.79421,40.39822,68,T
37.68856,40.71651,66,T
38.51743,35.57632,66,T
38.50866,35.57431,59,T
37.83552,38.68084,68,T
37.63244,38.0644,79,T
37.63031,38.07692,77,T
37.15146,40.04618,71,T
37.12178,39.99844,12,T
37.11882,40.01428,92,T
37.11585,40.03018,38,T
37.10843,40.01127,62,T
37.44392,37.79281,67,T
37.43028,37.15866,70,T
37.43012,36.92685,75,T
37.37823,35.65181,76,T
36.77491,38.94521,35,T
36.77332,38.95385,43,T
37.05694,37.11246,59,T
35.68515,43.88742,57,T
36.88926,37.45109,45,T
36.9622,36.60602,54,T
36.7943,37.23287,61,T
36.79229,37.2449,63,T
35.97707,39.94883,74,T
31.75865,46.07403,40,T
31.75914,46.06726,46,T
26.45037,78.34615,56,A
26.50823,78.40875,51,A
26.67269,71.54273,57,A
26.67063,71.53045,66,A
26.86015,71.99062,83,A
26.83121,71.81448,61,A
26.87608,72.06564,74,A
26.87415,72.05413,71,A
26.86443,71.9963,68,A
26.86247,71.98469,60,A
26.88557,72.06366,85,A
26.88365,72.05214,78,A
26.89507,72.06168,56,A
26.89314,72.05016,35,A
26.90265,72.04817,62,A
27.17039,71.86488,72,A
27.16844,71.85316,92,A
27.16648,71.84142,78,A
27.16257,71.8179,82,A
27.17018,71.80408,75,A
27.18753,71.84903,72,A
27.17975,71.80199,69,A
27.00524,70.2462,53,A
27.47576,71.91479,34,A
28.78852,79.2873,63,A
28.93881,79.39827,67,A
28.92133,76.40597,56,A
29.54387,77.1702,52,A
29.48683,76.59538,62,A
29.4854,76.58394,71,A
29.47901,76.45738,69,A
29.50218,76.07308,63,A
29.51631,76.03712,68,A
29.51489,76.02621,58,A
29.57824,76.29727,78,A
29.20679,73.50629,41,A
29.22025,73.53506,47,A
29.21873,73.52488,22,A
29.60602,76.16093,57,A
29.6046,76.14988,74,A
29.3492,73.96191,79,A
29.34772,73.95181,40,A
29.35804,73.96019,44,A
29.65189,76.00697,60,A
29.50761,74.94217,68,A
29.50618,74.93191,44,A
29.63662,75.82098,67,A
29.66158,75.9384,74,A
29.66915,75.9426,82,A
29.66774,75.93172,75,A
29.63816,75.70526,65,A
29.73871,76.33793,60,A
29.73068,76.05499,68,A
29.08465,71.61491,45,A
29.75106,75.99537,31,A
29.74962,75.98443,70,A
29.74818,75.9735,72,A
29.49365,74.13617,73,A
29.49218,74.12606,64,A
29.49071,74.11595,50,A
29.77909,76.13694,92,A
29.77763,76.12587,94,A
29.75157,75.92828,84,A
29.69982,75.54181,25,A
29.51274,74.20524,31,A
29.77011,76.0078,35,A
29.7687,75.99683,85,A
29.59051,74.67336,58,A
29.56178,74.47004,78,A
29.78923,76.08326,59,A
29.78072,76.01719,52,A
29.76578,75.83028,36,A
29.70684,75.31817,61,A
29.82977,76.17831,66,A
29.80686,76.00143,63,A
29.78689,75.84875,70,A
29.74422,75.52723,50,A
29.81605,75.99984,83,A
29.7305,75.35686,68,A
29.72908,75.34636,74,A
29.62337,74.58358,48,A
29.60749,74.47181,42,A
29.60605,74.46166,50,A
29.81519,75.92168,40,A
29.79657,75.78065,46,A
29.60621,74.39912,30,A
29.98314,77.1678,65,A
29.79423,75.69299,78,A
29.81337,75.76666,41,A
29.79758,75.64855,64,A
29.61082,74.30455,50,A
29.88626,76.24863,58,A
29.83545,75.86246,73,A
29.83257,75.84075,85,A
29.80234,75.6149,38,A
29.76935,75.37138,44,A
29.89263,76.25336,61,A
29.86639,75.97423,32,A
29.85789,75.90856,69,A
29.83808,75.75665,65,A
29.89692,76.13837,85,A
29.84779,75.68885,67,A
29.84637,75.67812,49,A
29.83218,75.57119,48,A
29.88537,75.90377,81,A
29.88395,75.89286,30,A
29.91603,76.06701,79,A
29.9146,76.05595,54,A
29.83748,75.47237,61,A
29.83606,75.46179,63,A
29.87935,75.7163,62,A
29.87792,75.70554,54,A
29.97367,76.36664,48,A
29.91861,75.94272,83,A
29.91717,75.93177,54,A
29.91574,75.92083,64,A
29.86269,75.52219,67,A
29.81127,75.14392,64,A
29.9495,76.10659,69,A
29.93935,76.02909,93,A
29.93212,75.97404,78,A
29.93068,75.96306,53,A
29.92058,75.88647,55,A
29.91914,75.87556,74,A
29.91049,75.81033,78,A
29.90474,75.76703,40,A
29.94566,76.00544,83,A
29.92396,75.84131,58,A
29.90234,75.67923,22,A
29.87074,75.44475,67,A
29.96669,76.10827,80,A
29.93272,75.84418,62,A
29.93131,75.83331,48,A
29.91154,75.68187,61,A
29.95321,75.92999,47,A
29.92488,75.71257,77,A
29.90791,75.58376,47,A
29.99089,76.14967,72,A
29.98946,76.1385,74,A
29.97947,76.06066,66,A
29.96523,75.95033,71,A
29.95528,75.87369,63,A
29.91131,75.53947,49,A
29.95304,75.78505,36,A
29.95162,75.77422,73,A
29.94878,75.75256,76,A
29.91894,75.5272,60,A
29.91752,75.51656,49,A
29.90475,75.42107,55,A
29.86784,75.14819,55,A
29.3028,71.42759,65,A
29.99792,76.05747,54,A
29.99648,76.04639,64,A
29.98789,75.98013,69,A
29.95077,75.69697,96,A
29.94934,75.6862,34,A
29.98132,75.85798,51,A
29.97989,75.84707,81,A
29.95701,75.67382,70,A
29.95559,75.66307,73,A
29.95131,75.63085,69,A
29.94988,75.62012,73,A
29.98473,75.81281,66,A
30.03863,76.15289,39,A
29.98525,75.74614,87,A
29.95371,75.51009,52,A
29.95228,75.49945,58,A
30.03772,76.07329,43,A
30.03627,76.06219,90,A
29.95559,75.45535,84,A
29.95416,75.44474,46,A
29.95273,75.43414,67,A
30.01071,75.79714,69,A
30.04101,75.97645,41,A
30.03959,75.96542,61,A
29.98732,75.56396,67,A
29.95346,75.30939,71,A
30.0346,75.8541,60,A
30.02185,75.75615,83,A
29.95114,75.22376,57,A
29.94547,75.18191,70,A
30.06368,76.00639,70,A
30.06083,75.98428,85,A
30.05941,75.97325,80,A
30.01963,75.66807,49,A
30.01821,75.6573,73,A
29.99979,75.51801,50,A
29.99837,75.50735,59,A
29.98845,75.43293,81,A
29.98704,75.42233,77,A
30.11018,76.29613,61,A
30.07718,76.03802,73,A
30.05862,75.89467,63,A
30.04153,75.76378,33,A
30.11951,76.29454,87,A
30.11806,76.2832,72,A
30.09215,76.0809,36,A
30.08354,76.01427,98,A
30.08211,76.0032,92,A
30.05779,75.81655,77,A
30.05636,75.80566,74,A
30.0478,75.74049,76,A
30.04495,75.71883,45,A
30.03213,75.62182,51,A
30.01078,75.46155,70,A
30.00936,75.45092,80,A
29.98092,75.23985,34,A
30.16673,76.59255,62,A
30.13899,76.37276,56,A
30.05692,75.73888,64,A
30.05264,75.70641,47,A
30.04407,75.64171,80,A
30.03265,75.55589,66,A
30.0013,75.32233,77,A
29.9842,75.1963,81,A
29.96281,75.03991,74,A
29.95853,75.00877,36,A
29.94138,74.88464,68,A
30.10774,76.05545,36,A
30.10197,76.01107,47,A
30.04601,75.5864,56,A
30.026,75.43707,78,A
30.02458,75.42645,53,A
30.09819,75.91021,65,A
30.09243,75.86636,49,A
30.0766,75.74651,84,A
30.06943,75.69239,83,A
30.06369,75.64925,67,A
30.06225,75.63849,55,A
30.05652,75.59551,71,A
29.97783,75.01586,45,A
30.11171,75.9416,81,A
30.08861,75.76661,69,A
30.08141,75.7124,40,A
30.02401,75.28586,60,A
30.01255,75.20187,51,A
30.00109,75.11826,42,A
29.9882,75.0246,56,A
29.95663,74.79726,46,A
29.95519,74.78697,40,A
29.95376,74.77669,40,A
29.95232,74.76641,38,A
29.92783,74.59218,69,A
29.92639,74.58195,56,A
30.14418,76.11757,72,A
30.0531,75.43221,50,A
30.0287,75.25269,59,A
30.02726,75.24219,73,A
30.15199,76.12098,57,A
30.13496,75.98736,51,A
30.13354,75.9763,76,A
30.11937,75.86618,50,A
30.07697,75.54135,66,A
29.99347,74.92133,61,A
30.20424,76.46075,68,A
30.2028,76.44921,53,A
30.15128,76.04124,49,A
30.11152,75.7337,24,A
30.08603,75.53974,82,A
30.03364,75.14849,39,A
29.981,74.76492,48,A
30.19634,76.32129,48,A
30.15053,75.96203,41,A
30.14198,75.8959,35,A
30.14055,75.88491,42,A
30.04971,75.19922,52,A
30.04403,75.15732,54,A
30.02839,75.04254,55,A
30.0999,75.50443,48,A
29.99593,74.74104,74,A
29.95854,74.47481,44,A
30.21358,76.30671,58,A
30.20346,76.22718,61,A
30.17898,76.03645,64,A
30.11323,75.53489,87,A
30.09329,75.38574,35,A
29.96451,74.45272,48,A
30.15231,75.75986,62,A
30.1423,75.68392,91,A
30.14087,75.67311,71,A
30.13515,75.62994,61,A
30.12372,75.54398,44,A
30.0695,75.14195,50,A
30.17007,75.82371,54,A
30.16863,75.81277,55,A
30.09276,75.2452,64,A
30.09133,75.23469,50,A
30.22119,76.14346,56,A
30.21103,76.06509,50,A
30.20958,76.05393,87,A
30.19944,75.97615,59,A
30.1951,75.94299,51,A
30.19221,75.92092,48,A
30.18788,75.88789,23,A
30.18355,75.85496,69,A
30.15334,75.62671,62,A
30.09603,75.20155,54,A
30.086,75.12822,75,A
30.08457,75.11777,85,A
28.8287,67.55952,36,A
30.24948,76.28896,66,A
30.2043,75.94138,48,A
30.17395,75.71159,66,A
30.16675,75.65747,77,A
30.13082,75.38985,78,A
30.12938,75.37924,65,A
30.10214,75.17893,62,A
30.0634,74.89777,53,A
30.06196,74.88743,64,A
28.84477,67.5765,66,A
28.84083,67.55634,73,A
30.2544,76.25324,63,A
30.23974,76.14027,95,A
30.19464,75.79704,25,A
30.1932,75.78613,33,A
30.18741,75.74256,27,A
30.12835,75.30355,68,A
30.12404,75.2719,63,A
30.1025,75.11449,81,A
30.01606,74.49535,66,A
30.24479,76.13369,42,A
30.24195,76.11123,23,A
30.15982,75.47706,37,A
30.15135,75.41309,49,A
30.11175,75.11781,78,A
30.11033,75.10736,64,A
30.05344,74.69305,67,A
28.83503,67.57412,48,A
28.83095,67.55401,74,A
30.26407,76.21111,84,A
30.23554,75.98685,73,A
30.1802,75.56114,74,A
30.17596,75.52895,59,A
30.17454,75.51823,69,A
30.16888,75.47544,55,A
30.15755,75.39021,34,A
30.15189,75.34776,38,A
30.14339,75.2843,47,A
30.13631,75.2316,59,A
30.07948,74.81495,67,A
30.03361,74.48648,73,A
29.77641,72.75605,48,A
30.22481,75.8308,53,A
30.20206,75.65656,47,A
30.19922,75.63494,56,A
30.1978,75.62415,73,A
30.16942,75.40985,83,A
30.168,75.39922,85,A
30.12115,75.05186,63,A
30.24254,75.89514,76,A
30.22399,75.75268,89,A
30.21259,75.66577,46,A
30.21117,75.65495,87,A
30.2069,75.62253,55,A
30.08727,74.73948,91,A
30.08584,74.72919,67,A
30.27469,76.07121,90,A
30.26894,76.02654,81,A
30.26751,76.0154,71,A
30.23742,75.78381,43,A
30.22741,75.70754,29,A
30.20316,75.52409,79,A
30.18037,75.35349,63,A
30.17894,75.34289,82,A
30.1761,75.3217,29,A
30.17467,75.31111,63,A
30.16328,75.2267,66,A
30.13477,75.01732,80,A
30.08612,74.66583,37,A
30.08181,74.63503,78,A
30.27818,76.02495,85,A
30.27674,76.0138,78,A
30.2753,76.00268,84,A
30.25948,75.88092,38,A
30.23797,75.7168,41,A
30.16799,75.19351,41,A
30.158,75.12009,85,A
30.15657,75.10962,79,A
30.13371,74.94289,44,A
30.1237,74.87034,21,A
29.82206,72.81149,63,A
30.2932,76.06802,76,A
30.27731,75.94558,86,A
30.27587,75.93451,89,A
30.23706,75.63929,33,A
30.22559,75.55305,74,A
30.21128,75.44598,54,A
30.20985,75.43531,68,A
30.1884,75.27615,77,A
30.17268,75.16037,71,A
30.17125,75.14988,60,A
30.16696,75.11845,83,A
30.16553,75.10798,81,A
30.23898,75.58372,67,A
30.22606,75.48709,43,A
30.22463,75.47639,55,A
30.21316,75.39109,66,A
30.081,74.43553,50,A
29.85764,72.92258,59,A
29.6607,71.67804,54,A
30.34094,76.29097,92,A
30.33948,76.27955,73,A
30.31026,76.05364,65,A
30.29283,75.92023,88,A
30.26391,75.7011,77,A
30.26247,75.69024,93,A
30.25671,75.64688,76,A
30.20211,75.24124,74,A
30.20067,75.2307,69,A
30.13751,74.77239,69,A
30.13607,74.76208,59,A
30.31076,75.98515,41,A
30.28461,75.7867,82,A
30.28317,75.77576,89,A
30.28027,75.75392,60,A
30.26581,75.64526,41,A
30.25139,75.53746,43,A
30.23986,75.45178,63,A
30.21685,75.28183,34,A
30.15936,74.86372,60,A
30.13199,74.66778,40,A
30.07253,74.2486,69,A
30.07107,74.23843,70,A
30.34165,76.16814,68,A
30.34022,76.15683,80,A
30.31603,75.96635,77,A
30.31319,75.94415,46,A
30.29192,75.77888,56,A
30.27492,75.6482,41,A
30.26643,75.58333,80,A
30.22824,75.29487,86,A
30.22683,75.28429,61,A
30.22116,75.24201,51,A
30.20983,75.15777,31,A
30.20842,75.14727,83,A
30.207,75.13677,87,A
30.12861,74.56695,87,A
30.12717,74.55669,60,A
30.30675,75.82113,46,A
30.28971,75.69,67,A
30.25993,75.46353,80,A
30.25851,75.45283,76,A
30.23725,75.29324,79,A
30.22449,75.1982,59,A
30.22307,75.18768,91,A
30.20887,75.08273,32,A
30.20745,75.07227,41,A
30.12741,74.49356,71,A
30.11875,74.4322,61,A
29.69564,71.67554,55,A
30.3876,76.38206,61,A
30.34448,76.04119,74,A
30.34305,76.03001,81,A
30.30168,75.71015,24,A
30.28888,75.6125,74,A
30.21783,75.08109,81,A
30.14924,74.58411,68,A
30.31224,75.71944,31,A
30.28943,75.54614,73,A
30.28801,75.53539,60,A
30.25242,75.26881,34,A
30.15667,74.57217,60,A
30.15523,74.56192,32,A
29.93187,73.04005,55,A
30.34429,75.89343,46,A
30.29423,75.51227,83,A
30.2928,75.50153,83,A
30.28852,75.46936,65,A
30.2871,75.45866,78,A
30.26,75.2566,67,A
30.25858,75.24603,84,A
30.14389,74.41692,68,A
30.14244,74.40671,54,A
30.41139,76.3427,67,A
30.37512,76.0588,79,A
30.34343,75.81469,75,A
30.34055,75.79274,77,A
30.31761,75.61845,80,A
30.31618,75.60764,65,A
30.31475,75.59683,70,A
30.31332,75.58603,81,A
30.27901,75.32912,64,A
30.20893,74.81604,74,A
30.18307,74.63044,78,A
30.41638,76.30663,71,A
30.33533,75.68193,74,A
30.3339,75.67107,74,A
30.31381,75.51977,57,A
30.25368,75.07451,30,A
30.18763,74.59794,76,A
30.18619,74.58768,40,A
30.1529,74.35226,80,A
30.15144,74.34206,62,A
30.14999,74.33185,63,A
29.60375,70.83567,50,A
30.40382,76.13435,88,A
30.3531,75.74574,32,A
30.34014,75.64774,74,A
30.31714,75.47521,63,A
30.30565,75.38969,54,A
30.29561,75.31525,38,A
30.28988,75.27285,43,A
30.38833,75.94241,61,A
30.38253,75.89806,72,A
30.37383,75.83186,89,A
30.37238,75.82086,73,A
30.33628,75.54881,62,A
30.16041,74.27745,65,A
30.15895,74.26725,69,A
30.41946,76.1086,85,A
30.40922,76.02999,55,A
30.40338,75.98531,62,A
30.3772,75.7863,59,A
30.37575,75.77534,93,A
30.36995,75.73158,53,A
30.3685,75.72066,81,A
30.36415,75.68797,37,A
30.27912,75.05911,78,A
30.27768,75.04865,93,A
30.42447,76.10201,70,A
30.37617,75.72472,67,A
30.37476,75.71381,66,A
30.35777,75.58343,54,A
30.33513,75.41144,59,A
30.28839,75.06245,53,A
30.46387,76.33987,77,A
30.37822,75.66859,86,A
30.3768,75.65771,88,A
30.33425,75.33517,62,A
30.22738,74.55318,64,A
30.47903,76.38452,72,A
30.42728,75.97542,73,A
30.40016,75.76529,76,A
30.38734,75.66698,40,A
30.38023,75.61267,32,A
30.31485,75.12211,40,A
30.44943,76.07467,76,A
30.43651,75.97382,81,A
30.42075,75.85171,66,A
30.40217,75.70896,72,A
30.40075,75.69804,47,A
30.39789,75.67624,69,A
30.33949,75.23644,86,A
30.33807,75.22588,91,A
30.33665,75.2153,86,A
30.32668,75.1415,30,A
30.32525,75.13098,89,A
30.30672,74.99476,68,A
30.29531,74.91138,65,A
30.27815,74.78686,50,A
30.25089,74.59091,47,A
30.24945,74.58064,57,A
30.46737,76.14081,82,A
30.45871,76.07307,81,A
30.44143,75.93879,73,A
30.43999,75.92767,61,A
30.39987,75.62028,84,A
30.36561,75.36223,76,A
30.36419,75.35158,56,A
30.33994,75.17146,42,A
30.28706,74.78519,75,A
30.26409,74.62009,62,A
30.43769,75.83746,65,A
30.4305,75.7824,66,A
30.38751,75.45685,67,A
30.38037,75.40331,93,A
30.37893,75.39262,77,A
30.33606,75.07519,63,A
30.44831,75.84689,15,A
30.35505,75.14711,76,A
30.34073,75.04211,50,A
30.23115,74.25822,50,A
30.35973,75.11391,55,A
30.34108,74.97772,52,A
30.33965,74.96728,59,A
30.28641,74.58421,84,A
30.28497,74.57393,68,A
30.13009,73.50246,69,A
30.40607,75.38773,63,A
30.29818,74.60311,70,A
30.29674,74.59282,79,A
30.22102,74.06113,44,A
30.55373,76.44315,74,A
30.46571,75.76498,59,A
30.4382,75.55804,61,A
30.43676,75.54723,31,A
30.42665,75.47182,61,A
30.41944,75.41819,76,A
30.40647,75.32213,38,A
30.34458,74.87025,65,A
30.32584,74.73551,39,A
30.3244,74.72517,73,A
30.29694,74.52948,38,A
30.29549,74.51921,36,A
30.27808,74.39622,74,A
30.27663,74.38598,65,A
30.25477,74.23271,35,A
30.22986,74.05941,70,A
30.22544,74.02885,70,A
30.56003,76.44732,81,A
30.55859,76.43564,57,A
30.46158,75.6696,82,A
30.43324,75.45312,18,A
30.42758,75.41021,89,A
30.42616,75.39951,67,A
30.41624,75.32475,74,A
30.40349,75.22913,71,A
30.37085,74.98711,54,A
30.35662,74.88278,40,A
30.30797,74.53133,63,A
30.48066,75.74456,69,A
30.45508,75.54849,32,A
30.41676,75.25931,57,A
30.40824,75.19575,59,A
30.40681,75.18517,64,A
30.38976,75.05879,56,A
30.37267,74.93322,80,A
30.37125,74.92279,77,A
30.36983,74.91237,77,A
30.29809,74.39632,53,A
30.48982,75.74295,28,A
30.48127,75.67728,71,A
30.45706,75.4929,73,A
30.44995,75.43913,22,A
30.40585,75.1097,38,A
30.37162,74.85866,49,A
30.58106,76.38425,71,A
30.55354,76.16576,43,A
30.48326,75.62117,62,A
30.46614,75.49128,51,A
30.45188,75.38391,68,A
30.45046,75.37321,74,A
30.41339,75.09753,50,A
30.58027,76.30161,62,A
30.51387,75.7837,63,A
30.49381,75.63042,49,A
30.49238,75.61954,61,A
30.43523,75.19083,74,A
30.42666,75.12748,50,A
30.39806,74.91782,74,A
30.35501,74.60694,55,A
30.35357,74.59663,51,A
30.29411,74.17661,61,A
30.52448,75.79311,58,A
30.49146,75.54201,80,A
30.48,75.45573,71,A
30.47284,75.40206,32,A
30.4571,75.28465,71,A
30.41273,74.95793,65,A
30.39696,74.84328,91,A
30.39553,74.83289,54,A
30.38691,74.77061,80,A
30.50199,75.5512,73,A
30.49912,75.52957,63,A
30.46612,75.283,54,A
30.41594,74.91452,86,A
30.4145,74.90409,82,A
30.41163,74.88325,89,A
30.41019,74.87283,88,A
30.39582,74.76894,54,A
30.34965,74.43911,69,A
30.3482,74.42886,69,A
30.28094,73.95914,61,A
30.50389,75.49556,72,A
30.50245,75.48478,81,A
30.45217,75.11201,77,A
30.45073,75.10148,74,A
30.44068,75.02792,80,A
30.40761,74.78802,51,A
30.39609,74.70515,79,A
30.39465,74.69481,79,A
30.36576,74.48874,49,A
30.34544,74.34521,60,A
30.32504,74.20211,44,A
30.54186,75.71133,76,A
30.4928,75.34369,75,A
30.48704,75.30103,28,A
30.44101,74.96343,31,A
30.42949,74.87993,67,A
30.42805,74.86951,57,A
30.37463,74.48706,76,A
30.37318,74.47678,30,A
30.35866,74.37423,63,A
30.44275,74.90955,86,A
30.42977,74.81585,58,A
30.42111,74.75359,84,A
30.31188,73.98453,51,A
30.59409,75.99127,44,A
30.53162,75.50694,36,A
30.46924,75.0385,43,A
30.45218,74.91285,77,A
30.45076,74.90241,79,A
30.52509,75.3869,53,A
30.47394,75.00536,51,A
30.34866,74.10804,52,A
30.4943,75.0878,64,A
30.49287,75.07726,67,A
30.43859,74.68096,18,A
30.54747,75.41584,42,A
30.52466,75.24487,32,A
30.49186,75.00206,95,A
30.48757,74.97062,43,A
30.48614,74.96014,70,A
30.47471,74.87658,66,A
30.45466,74.73106,90,A
30.40858,74.40125,37,A
30.53939,75.2858,34,A
30.48794,74.90622,81,A
30.47505,74.81244,78,A
30.46931,74.77088,56,A
30.5384,75.20972,66,A
30.52409,75.10394,67,A
30.47823,74.76921,95,A
30.47679,74.75883,52,A
30.46241,74.65527,76,A
30.37228,74.01954,62,A
30.3708,74.00934,70,A
30.35604,73.90736,73,A
30.71398,76.48754,54,A
30.5259,75.04963,54,A
30.52447,75.03912,47,A
30.50869,74.92381,84,A
30.50725,74.91335,88,A
30.50295,74.88203,67,A
30.50151,74.8716,75,A
30.48858,74.77793,83,A
30.48714,74.76755,87,A
30.47419,74.67428,86,A
30.72345,76.48595,71,A
30.56791,75.29156,78,A
30.53056,75.01645,94,A
30.52913,75.00595,58,A
30.51907,74.9326,45,A
30.51763,74.92215,78,A
30.5162,74.9117,86,A
30.49462,74.75551,78,A
30.71363,76.33228,63,A
30.71068,76.30908,77,A
30.56255,75.18359,41,A
30.5496,75.08846,52,A
30.73344,76.41228,79,A
30.73195,76.40059,80,A
30.57587,75.21378,58,A
30.56722,75.15018,75,A
30.54128,74.9607,32,A
30.53984,74.95023,38,A
30.73827,76.40478,83,A
30.56733,75.07854,63,A
30.52745,74.7853,81,A
30.52031,74.73335,78,A
30.47433,74.40307,50,A
30.47288,74.3928,66,A
30.69019,75.94501,54,A
30.68304,75.88905,88,A
30.53637,74.78364,70,A
30.60096,75.19168,38,A
30.59811,75.17046,77,A
30.54672,74.79237,26,A
30.53956,74.74039,69,A
30.53813,74.73001,84,A
30.47477,74.21348,53,A
30.47331,74.20325,80,A
30.47185,74.19302,51,A
30.47039,74.18279,76,A
30.60181,75.06139,50,A
30.59609,75.01926,65,A
30.5875,74.95622,37,A
30.58607,74.94573,67,A
30.55308,74.70591,57,A
30.62225,75.14432,72,A
30.58928,74.90218,54,A
30.58785,74.89172,69,A
30.4837,74.14868,75,A
30.58241,74.78571,67,A
30.58097,74.77531,67,A
30.58701,74.75283,82,A
30.58557,74.74244,60,A
30.57835,74.69052,39,A
30.78764,76.11309,73,A
30.76122,75.90971,33,A
30.60773,74.7703,83,A
30.63729,74.91983,73,A
30.62161,74.80481,75,A
30.61733,74.77354,65,A
30.6159,74.76313,69,A
30.60303,74.66961,73,A
30.52933,74.14474,82,A
30.52787,74.13451,73,A
30.67615,75.13961,36,A
30.54693,74.20445,55,A
31.03628,78.00706,34,A
31.03452,77.99113,48,A
30.84564,76.38086,73,A
30.84418,76.36913,74,A
30.82101,76.18346,67,A
30.72077,75.40535,88,A
30.71935,75.39456,48,A
30.67517,75.06386,47,A
30.62944,74.72858,28,A
30.60934,74.58338,30,A
30.55869,74.22323,45,A
30.55724,74.21298,82,A
30.54702,74.14132,65,A
30.54117,74.1004,55,A
30.63835,74.72691,94,A
30.63692,74.71651,75,A
30.63261,74.68534,24,A
30.6283,74.65421,60,A
30.62542,74.63348,80,A
30.62399,74.62312,70,A
30.61967,74.59205,51,A
30.62856,74.59037,27,A
30.85052,76.19017,60,A
30.83305,76.05289,70,A
30.79976,75.79445,75,A
30.79831,75.78334,77,A
30.68348,74.92204,31,A
30.65618,74.72356,31,A
30.65042,74.682,76,A
30.6461,74.65086,83,A
30.64466,74.64049,88,A
30.6389,74.59904,69,A
30.62012,74.46475,44,A
30.61304,74.34983,88,A
30.61158,74.33955,72,A
30.61013,74.32928,67,A
30.65524,74.58533,61,A
30.64077,74.482,64,A
30.71754,74.9696,75,A
30.7161,74.95908,62,A
30.6988,74.83326,40,A
30.69736,74.82281,76,A
30.63367,74.367,64,A
30.60449,74.16175,58,A
30.47735,73.29201,46,A
30.66433,74.51992,62,A
30.66288,74.50959,30,A
30.63088,74.28309,68,A
30.72541,74.88606,22,A
30.69969,74.69804,43,A
30.67529,74.52176,61,A
30.65943,74.40824,49,A
30.64931,74.33619,22,A
30.89132,76.08276,67,A
30.73007,74.85294,84,A
30.72721,74.83201,70,A
30.72579,74.82155,40,A
30.68729,74.47705,76,A
30.68585,74.46673,73,A
30.95946,76.47543,71,A
30.74079,74.7973,53,A
30.71348,74.59953,54,A
30.69617,74.47536,81,A
30.68894,74.42377,54,A
30.68025,74.36195,64,A
30.6788,74.35166,75,A
30.77984,75.01627,68,A
30.77124,74.95299,68,A
30.76981,74.94246,77,A
30.93296,76.11068,71,A
30.9315,76.09922,66,A
30.76584,74.8463,64,A
30.7644,74.83582,63,A
30.73128,74.59617,49,A
30.72983,74.5858,73,A
30.73439,74.55303,88,A
30.73295,74.54268,91,A
30.7315,74.53233,74,A
30.93406,75.97079,88,A
30.86297,75.4285,71,A
30.94333,75.96918,74,A
30.78111,74.75761,36,A
30.77244,74.69505,87,A
30.77099,74.68464,73,A
30.90292,75.58883,51,A
30.80245,74.78021,68,A
30.80103,74.76976,74,A
30.96977,75.98208,75,A
30.87842,75.27637,55,A
30.89174,75.307,76,A
30.88746,75.27472,70,A
30.77429,74.44437,64,A
30.77284,74.43404,79,A
31.01441,76.18514,70,A
30.9151,75.41344,27,A
31.03254,76.25322,74,A
30.91559,75.34686,81,A
30.91415,75.33607,68,A
30.90556,75.27144,44,A
30.71899,73.92722,75,A
31.02147,76.08974,70,A
31.02787,76.06521,60,A
31.01037,75.92869,77,A
30.94669,75.44114,48,A
30.8156,74.47896,80,A
31.01964,75.92707,81,A
30.9659,75.51585,78,A
30.96445,75.50491,59,A
30.94423,75.35275,54,A
30.83337,74.47558,82,A
30.23461,70.61021,45,A
31.03376,75.88994,70,A
31.00743,75.68875,74,A
30.86257,74.61913,77,A
30.83644,74.43252,44,A
30.83499,74.42218,76,A
30.83062,74.39119,79,A
30.82917,74.38087,89,A
30.84309,74.40327,77,A
30.43541,71.72147,63,A
30.43357,71.71028,64,A
31.0308,75.73479,75,A
30.85775,74.44294,29,A
30.85631,74.43259,76,A
31.05148,75.82262,63,A
31.01851,75.56711,86,A
31.01708,75.55611,72,A
30.9842,75.30566,65,A
30.90982,74.7534,51,A
30.90839,74.74294,58,A
30.75196,73.64022,57,A
30.4952,71.97214,67,A
31.09105,76.05923,71,A
31.03482,75.62057,66,A
30.52011,72.0685,61,A
31.02673,75.48708,63,A
30.99658,75.25925,64,A
30.29944,70.67927,64,A
30.29731,70.66684,77,A
31.07099,75.68214,80,A
31.08018,75.68051,85,A
31.05842,75.51501,70,A
31.05697,75.50405,72,A
31.02662,75.27586,48,A
31.02518,75.26508,56,A
30.94291,74.6614,65,A
31.08499,75.64561,61,A
30.97234,74.74168,78,A
30.96799,74.71028,53,A
30.96655,74.69982,51,A
31.06877,75.39568,63,A
30.99899,74.87122,62,A
31.13647,75.84805,76,A
31.0841,75.37064,84,A
31.07124,75.27316,77,A
31.03694,75.01611,35,A
31.00974,74.81522,49,A
31.12187,75.5881,71,A
31.10178,75.43435,85,A
31.0273,74.87677,57,A
31.02586,74.86622,73,A
31.10658,75.39999,77,A
31.10514,75.38911,72,A
31.01037,74.68599,65,A
31.0711,75.06436,73,A
31.06966,75.0537,49,A
31.06104,74.98988,51,A
31.0337,74.78918,85,A
31.03226,74.77867,70,A
31.03082,74.76817,67,A
31.13777,75.49512,63,A
31.08298,75.08405,95,A
31.11075,75.22179,66,A
31.09199,75.08239,86,A
31.05736,74.82793,86,A
31.15458,75.4809,82,A
31.15312,75.46993,69,A
31.14297,75.39345,82,A
31.13283,75.31738,68,A
31.06921,74.84734,58,A
31.16661,75.50121,45,A
31.12885,75.2185,68,A
31.09554,74.97262,82,A
31.09409,74.96201,43,A
31.05643,74.68806,60,A
31.05499,74.6776,62,A
30.61539,71.73432,54,A
30.61001,71.70079,55,A
31.19113,75.62576,68,A
31.14268,75.25353,84,A
31.10419,74.96434,42,A
31.08133,74.79515,63,A
31.18601,75.51359,60,A
31.1803,75.46963,75,A
31.15459,75.27351,79,A
31.11317,74.96268,63,A
31.17224,75.33694,71,A
31.15982,75.17311,83,A
31.15839,75.16236,82,A
30.98166,73.88823,67,A
31.16886,75.17146,71,A
31.16742,75.16071,53,A
31.22112,75.49603,82,A
30.66571,71.70485,57,A
31.14367,74.8484,41,A
31.14106,74.76237,62,A
31.2213,75.21709,75,A
31.2297,75.221,69,A
30.84975,72.57774,82,A
30.71514,71.73487,39,A
30.70783,71.69026,55,A
31.16148,74.64525,66,A
30.72614,71.74397,41,A
31.25211,75.25016,29,A
31.26404,75.2702,68,A
31.2583,75.22686,66,A
31.20378,74.82076,68,A
30.75726,71.76014,43,A
31.35012,75.78671,55,A
31.35936,75.78507,59,A
31.22776,74.79461,63,A
31.22632,74.78405,71,A
31.20898,74.65779,73,A
31.20754,74.6473,66,A
30.79366,71.80952,47,A
30.77939,71.72069,42,A
31.21088,74.53927,65,A
30.79749,71.77426,28,A
31.31846,75.26029,64,A
31.27347,74.92734,68,A
31.27202,74.91671,72,A
30.80309,71.75002,34,A
30.81859,71.79731,69,A
31.34551,75.32669,51,A
31.33979,75.28309,64,A
31.28686,74.88542,54,A
31.28543,74.8748,37,A
31.39487,75.41868,62,A
31.39343,75.40769,74,A
31.39199,75.39671,68,A
31.37323,75.25472,65,A
31.37178,75.24386,67,A
31.36601,75.20048,63,A
31.33718,74.9853,78,A
30.88555,71.91946,73,A
31.43592,75.66118,73,A
31.43447,75.64998,79,A
31.33463,74.89833,79,A
30.88235,71.84048,24,A
30.88058,71.82946,60,A
31.40587,75.36053,74,A
31.40442,75.34959,72,A
31.36386,75.04622,60,A
30.95685,72.25163,53,A
31.36708,75.00169,82,A
31.36563,74.99099,74,A
31.19159,73.68645,66,A
30.93237,71.97716,53,A
30.92197,71.91148,46,A
30.93871,71.9703,51,A
31.4583,75.49203,56,A
31.45686,75.48096,59,A
31.44398,75.38173,66,A
30.92835,71.84774,56,A
31.46601,75.47931,63,A
31.46458,75.46825,67,A
31.43733,75.25974,77,A
31.35697,74.66074,60,A
31.46509,75.40043,39,A
31.5239,75.70901,48,A
31.48045,75.37514,50,A
31.37943,74.62411,51,A
31.51546,75.35755,52,A
31.49943,75.23724,67,A
31.41515,74.61735,73,A
31.50158,75.18561,62,A
31.28673,73.63409,61,A
31.08621,72.31134,71,A
31.31024,73.6082,43,A
31.30874,73.5979,72,A
31.50326,74.92031,67,A
31.10903,71.98294,60,A
31.5526,74.94406,67,A
30.93456,70.77106,79,A
31.55675,74.70817,73,A
31.41648,73.70844,41,A
31.59808,74.80936,75,A
31.59663,74.79871,80,A
31.59085,74.75616,66,A
31.49476,73.87332,65,A
31.50597,73.87505,49,A
31.50006,73.83372,70,A
31.76733,75.60059,66,A
31.54136,73.93184,60,A
31.5443,73.88872,29,A
31.55749,73.79044,48,A
31.83876,75.59356,65,A
31.40434,72.15828,42,A
31.6695,73.86902,59,A
31.78831,74.65211,56,A
31.86323,75.13921,64,A
31.73646,74.20169,62,A
31.735,74.19125,58,A
31.65975,73.59834,52,A
31.44616,72.18707,60,A
31.75871,74.1652,78,A
31.75725,74.15476,72,A
31.47423,72.24744,34,A
31.86775,74.89376,64,A
31.49155,72.2989,44,A
31.49051,72.23286,28,A
31.51678,72.28242,23,A
31.51578,72.21631,67,A
31.88564,74.62138,0,A
31.55719,72.3672,62,A
31.54218,72.27135,71,A
31.90036,74.66225,40,A
31.57932,72.4501,56,A
31.57439,72.41833,13,A
31.93815,74.87494,66,A
31.87751,74.42737,52,A
31.61266,72.60645,58,A
31.71575,73.22994,54,A
31.70038,73.12629,38,A
31.59132,72.34887,16,A
31.58966,72.33823,75,A
31.60027,72.34694,57,A
31.77519,73.32444,59,A
31.60393,72.1916,61,A
31.85308,73.799,48,A
31.79313,73.38476,49,A
31.65401,72.45598,47,A
31.79076,73.29337,47,A
31.6921,72.63735,43,A
31.65788,72.41581,80,A
31.96531,74.45807,79,A
31.94936,74.34198,65,A
31.94501,74.31041,73,A
31.94355,74.2999,63,A
31.74077,72.89701,41,A
31.66352,72.39268,50,A
31.66187,72.38207,49,A
31.63352,72.2008,75,A
31.97423,74.45636,82,A
31.97278,74.44578,39,A
31.95972,74.35079,39,A
31.83119,73.44504,71,A
31.72112,72.70704,55,A
31.71631,72.67558,73,A
32.08149,75.1881,59,A
31.83701,73.42254,47,A
31.82184,73.31901,62,A
31.81727,73.28793,71,A
31.81574,73.27758,79,A
31.90416,73.82487,60,A
31.67546,72.29116,62,A
31.66212,72.20567,26,A
31.98498,74.3351,33,A
31.82577,73.22214,52,A
31.73015,72.58584,39,A
31.84986,73.32394,68,A
31.84834,73.31358,45,A
31.84225,73.27214,45,A
31.84072,73.26177,72,A
31.79134,72.92942,44,A
31.93811,73.87155,57,A
31.90091,73.61214,58,A
31.89642,73.58106,83,A
31.85869,73.32213,89,A
31.85717,73.31178,86,A
31.92468,73.71404,75,A
31.87815,73.39284,46,A
31.96025,73.89925,55,A
31.45067,70.6072,70,A
31.95711,73.80867,59,A
31.92587,73.59077,65,A
31.4548,70.61338,71,A
32.0421,74.35089,59,A
31.91668,73.46462,74,A
31.8052,72.71592,72,A
31.80361,72.70544,90,A
31.89211,73.2348,45,A
31.89635,73.20187,61,A
31.89482,73.19149,74,A
31.97018,73.64587,45,A
31.96869,73.63549,68,A
32.20847,75.31827,73,A
32.08939,74.4286,10,A
32.08794,74.41801,76,A
32.08356,74.38626,51,A
32.08211,74.37569,75,A
31.89865,73.09438,36,A
32.02647,73.91258,61,A
32.1087,74.43576,67,A
31.95304,73.33981,48,A
31.95152,73.32944,46,A
31.94544,73.28796,100,A
32.11178,74.39169,83,A
32.00689,73.5851,55,A
31.98584,73.4399,53,A
31.96463,73.29471,64,A
31.96311,73.28433,78,A
32.04052,73.74265,77,A
32.03903,73.73225,58,A
32.01368,73.55577,48,A
31.96215,73.20317,71,A
31.96062,73.19279,70,A
31.95909,73.18241,72,A
32.02684,73.52108,78,A
32.02534,73.5107,73,A
31.99478,73.23922,32,A
32.02491,73.38265,74,A
32.04733,73.47421,56,A
32.12024,73.85519,62,A
32.07684,73.48958,52,A
32.07232,73.45844,92,A
32.07081,73.44807,84,A
32.132,73.80999,95,A
32.13052,73.79958,90,A
32.07964,73.44627,72,A
32.08364,73.34361,75,A
32.08213,73.33323,71,A
32.07909,73.31247,72,A
32.12563,73.57028,57,A
32.11363,73.48717,71,A
32.10911,73.45602,72,A
32.09399,73.35219,68,A
32.09248,73.3418,63,A
32.07113,73.1964,43,A
32.01837,72.84232,36,A
32.05842,73.049,61,A
32.1358,73.51476,79,A
32.15664,73.59612,56,A
32.16996,73.62553,64,A
32.16846,73.61513,39,A
31.97919,72.28467,48,A
32.00525,72.33402,73,A
32.19576,73.53872,74,A
32.12259,72.37338,78,A
32.39944,73.35647,53,A
32.30045,72.68829,64,A
32.5669,73.75748,44,A
40.77117,73.36162,58,A
42.94569,74.17583,64,A
46.8129,74.92561,0,A
50.88109,70.09026,0,A
30.39033,50.61459,63,A
30.36222,49.87616,66,A
30.38741,49.86078,84,A
30.48251,50.48372,79,A
30.16825,47.41482,65,A
30.56596,50.01618,69,A
30.57086,49.91984,75,A
30.26313,47.71759,73,A
30.26146,47.70691,57,A
30.27715,47.74765,60,A
30.27549,47.737,93,A
30.31949,47.72102,79,A
30.32851,47.7191,77,A
30.2811,47.36115,73,A
30.27935,47.35022,68,A
30.31584,47.3423,75,A
30.79872,50.50952,73,A
30.72374,49.82545,78,A
30.7223,49.81513,79,A
30.36012,47.33862,77,A
30.35836,47.32769,59,A
30.7112,49.54222,68,A
30.42127,47.60537,72,A
30.47589,47.59826,72,A
30.52444,47.61003,85,A
30.53178,47.59737,78,A
30.89599,49.67424,78,A
30.88728,49.61233,71,A
30.89614,49.61061,71,A
30.56239,47.32764,81,A
30.56281,47.10461,76,A
30.60937,47.3335,64,A
30.60761,47.32259,78,A
30.91737,48.86061,72,A
30.68387,47.32858,81,A
31.0402,49.39044,81,A
30.75723,47.3296,81,A
30.7555,47.3187,68,A
30.9527,48.5406,40,A
30.95769,48.31991,68,A
30.92044,48.01587,70,A
30.82245,47.33137,67,A
31.13255,49.32339,82,A
31.13107,49.3131,74,A
30.87776,47.3364,77,A
30.87601,47.32552,78,A
31.04021,48.31857,81,A
31.03864,48.30819,80,A
30.99566,48.02688,61,A
31.20913,49.21807,70,A
31.20765,49.20778,67,A
31.20732,48.95384,53,A
31.08961,47.79393,59,A
31.06146,47.61318,67,A
31.29695,49.11987,65,A
31.02853,47.28553,92,A
31.0268,47.27462,90,A
31.27674,48.72621,56,A
31.40259,48.64096,59,A
31.60007,48.79063,50,A
31.35828,45.96163,62,A
31.65693,47.51983,63,A
31.65525,47.50912,76,A
32.24056,51.42917,87,A
32.23907,51.41716,78,A
31.72687,47.43148,68,A
31.73585,47.42952,48,A
31.76276,46.04302,86,A
32.10622,47.5526,64,A
32.10458,47.54191,66,A
32.17579,47.51993,78,A
32.25316,47.24599,69,A
32.35345,47.71125,73,A
32.35181,47.70064,83,A
31.99005,45.2532,58,A
32.48925,47.21524,54,A
32.48756,47.20444,71,A
32.59512,47.54226,69,A
32.99192,46.1893,67,A
33.15788,44.78245,57,A
33.74371,47.18676,59,A
33.77987,47.12267,63,A
34.23161,46.40102,54,A
34.69107,48.01709,60,A
34.53122,45.68664,70,A
35.0505,45.84486,35,A
34.89691,43.80507,57,A
35.38344,45.49472,57,A
35.50963,44.53091,62,A
35.78976,46.17652,49,A
35.5302,44.34121,66,A
35.51221,44.12321,61,A
35.73163,45.08921,51,A
35.62707,44.00912,48,A
35.68502,43.87364,78,A
35.72427,44.03445,61,A
35.92731,44.85895,61,A
36.09016,43.70897,44,A
36.57048,43.66999,72,A
36.97916,40.9997,67,A
36.97535,40.9807,63,A
37.03226,40.5785,75,A
37.01706,40.14387,90,A
37.02507,40.15891,69,A
37.02063,40.138,87,A
36.92165,39.55648,53,A
36.93892,39.57541,44,A
36.93393,39.55228,76,A
37.14597,40.04385,69,A
36.95552,39.15425,52,A
36.91022,38.89838,62,A
37.3527,39.75158,59,A
37.94239,40.66465,68,A
38.03745,40.11099,46,A
38.08786,40.11577,63,A
38.70584,43.27132,61,A
38.0994,40.11197,72,A
38.1087,39.97704,79,A
38.10445,39.95644,73,A
38.10205,39.97449,86,A
38.83175,42.931,50,A
38.82926,42.91714,68,A
38.26781,37.16933,65,A
40.03043,44.31923,67,A
40.02843,44.30698,62,A
40.00973,44.15224,67,A
40.06044,44.22818,59,A
40.44678,44.94763,85,A
40.4538,44.93348,85,A
40.47523,44.95191,54,A
40.47338,44.94016,77,A
40.24343,35.0872,64,A
24.4227,46.80916,34,A
28.85649,52.48581,75,A
28.85503,52.47395,50,A
27.56483,42.74775,62,A
28.7226,48.33595,43,A
28.72098,48.32555,50,A
29.98808,55.8505,61,A
30.15262,50.42216,79,A
30.22546,50.89703,74,A
30.24741,50.78305,67,A
30.24598,50.77237,64,A
30.29688,50.74682,75,A
30.29547,50.73619,83,A
30.3031,50.72397,51,A
40.11278,28.03458,66,A
40.11013,28.02949,67,A
40.14142,27.86772,40,A
34.70765,134.8215,50,T
35.02676,136.87086,80,T
39.44015,110.49538,100,T
20.96336,85.16442,63,T
22.36685,87.30185,56,T
23.68168,86.09087,71,T
23.77318,86.3912,28,T
13.25937,123.68266,59,A
30.39561,49.84826,42,T
30.27892,47.75682,60,T
30.27665,47.72824,91,T
30.26652,47.72369,44,T
30.28279,47.75087,66,T
30.28069,47.72227,63,T
30.28148,47.36026,48,T
30.32321,47.71805,88,T
30.52329,47.60051,31,T
30.5279,47.5935,65,T
30.55972,47.09984,68,T
30.60655,47.33555,44,T
30.56719,47.09358,51,T
30.61256,47.32943,63,T
30.68175,47.32229,39,T
30.75935,47.33481,59,T
30.91786,48.86766,52,T
30.76536,47.32865,76,T
30.92964,48.86117,61,T
30.87628,47.31718,41,T
30.88421,47.3373,78,T
31.00126,48.14959,22,T
30.99901,48.11841,31,T
30.99228,48.0258,60,T
31.00207,48.14398,63,T
30.99387,48.0201,68,T
31.02688,47.28944,100,T
31.02475,47.26228,100,T
31.09468,47.79789,38,T
31.08117,47.62267,92,T
31.03271,47.2823,100,T
31.08494,47.6157,85,T
31.2684,48.10669,54,T
31.6622,47.52168,68,T
31.66994,47.43389,66,T
31.67433,47.42796,72,T
31.7308,47.42228,46,T
31.76517,46.04455,90,T
31.76663,46.06218,59,T
31.76477,46.03914,81,T
32.11974,47.41687,61,T
32.12386,47.40977,85,T
32.17455,47.52188,44,T
32.25921,47.24592,36,T
32.35048,47.71037,63,T
32.35262,47.70345,83,T
32.99172,46.17954,68,T
27.49848,52.64356,50,T
34.89851,43.80307,46,T
26.57026,101.67762,39,A
23.76583,86.39569,38,A
22.04023,83.73611,74,A
19.4075,77.69945,45,A
32.2387,51.42311,91,A
32.2368,51.44464,79,A
32.23584,51.41775,59,A
32.2338,51.43928,94,A
32.35255,47.70641,26,A
32.11981,47.42389,58,A
31.65674,47.52217,68,A
31.66403,47.51768,19,A
31.21483,48.96266,73,A
31.21259,48.95728,68,A
31.04771,49.39034,45,A
31.07993,47.63076,76,A
31.08591,47.62648,57,A
31.02742,47.26859,90,A
31.025,47.30861,100,A
30.92192,48.85386,51,A
30.92012,48.87702,51,A
31.02212,47.26004,50,A
31.01947,47.30006,100,A
30.72139,49.83135,53,A
30.39369,50.62032,76,A
30.39424,49.8534,25,A
30.38348,49.87387,49,A
30.532,47.61702,34,A
30.15149,50.43064,32,A
30.32826,47.7348,69,A
30.2809,47.73075,19,A
30.2785,47.76683,13,A
30.31974,47.72598,65,A
30.27237,47.72207,48,A
30.26976,47.75813,78,A
27.76432,52.17425,100,A
27.71833,52.18286,100,A
27.71874,52.17603,100,A
27.49433,52.65508,82,A
26.93983,49.59414,64,A
24.50177,56.60718,69,A
35.93259,140.67642,0,T
29.41981,121.14869,65,T
24.007,117.05149,56,T
14.06226,121.32694,56,T
38.82892,116.94221,67,T
38.8241,116.93452,44,T
38.82224,116.95614,64,T
28.99977,104.25001,52,T
27.73297,95.42423,38,T
26.57549,101.66588,72,T
27.55898,95.14735,0,T
26.71528,93.52979,33,T
26.64164,93.23203,0,T
23.53841,101.66521,14,T
18.40787,95.57684,73,T
39.84642,98.26811,72,T
39.84485,98.27986,57,T
36.16056,100.61176,26,T
36.02684,100.5731,12,T
31.08014,103.90704,53,T
25.48635,76.58634,71,T
25.48886,76.58062,66,T
25.4549,76.57306,59,T
25.45184,76.58977,73,T
25.61482,69.00721,62,T
24.83517,67.25838,66,T
22.83043,77.84968,54,T
23.32548,72.05166,48,T
21.87348,73.40502,34,T
21.343,73.00581,61,T
19.38088,75.47868,61,T
18.68587,73.04081,43,T
37.30612,78.88423,30,T
31.36376,77.35723,67,T
31.36052,77.37515,49,T
31.43421,75.41285,70,T
31.02711,75.75983,60,T
31.02494,75.77235,66,T
31.02391,75.76556,72,T
30.80016,75.20309,69,T
30.55301,75.62773,59,T
30.44924,75.93467,62,T
30.26447,75.80659,69,T
12.72929,121.16866,86,A
14.00631,121.00158,0,A
12.98143,109.00951,60,A
12.96966,109.00478,58,A
20.93749,109.86351,0,A
24.42839,105.69308,47,A
24.3504,105.31803,58,A
24.81504,106.68259,70,A
26.36639,109.9008,20,A
35.02668,136.87473,19,A
35.42001,133.53674,84,A
35.41796,133.52457,31,A
35.4272,133.52179,63,A
36.94668,48.12224,59,T
50.34902,57.13143,85,T
36.82364,43.4719,71,T
40.95202,49.10241,49,T
36.60046,44.25391,67,T
36.59678,44.2462,66,T
35.3089,51.27432,29,T
35.97405,46.08035,73,T
35.97261,46.09244,73,T
35.83381,45.36513,47,T
35.72123,44.04076,57,T
35.52985,44.33543,62,T
35.52821,44.35091,59,T
35.51936,44.1274,62,T
34.28292,49.69001,34,T
34.8989,43.80582,64,T
33.10394,50.98437,27,T
33.09459,50.98234,48,T
32.81507,51.5424,13,T
32.79367,51.55047,31,T
32.42185,51.31899,72,T
32.4197,51.33147,66,T
32.2387,51.41987,77,T
32.23652,51.43255,94,T
32.99613,46.18444,68,T
33.1543,44.78866,58,T
32.59356,47.54273,62,T
32.4924,47.21359,66,T
32.35077,47.69855,61,T
32.34929,47.709,85,T
32.09997,48.40595,85,T
32.09843,48.41634,86,T
32.25679,47.24842,77,T
32.25532,47.25897,63,T
32.09113,48.40418,59,T
32.0896,48.41457,51,T
32.18173,47.52498,66,T
31.98294,48.63296,94,T
31.98138,48.64338,90,T
32.13268,47.41259,39,T
32.10325,47.55712,62,T
32.11494,47.40923,75,T
32.05404,47.44524,65,T
32.16357,44.73448,53,T
31.73415,47.42985,76,T
31.73269,47.44024,70,T
31.6776,47.43449,57,T
31.657,47.51576,77,T
31.7716,46.06693,23,T
31.4074,48.65065,64,T
31.76534,46.0431,74,T
31.76389,46.05423,52,T
30.99087,51.17287,53,T
31.30527,48.77446,63,T
31.21018,49.21188,63,T
31.20851,49.22254,66,T
31.27607,48.72549,61,T
31.27448,48.73592,77,T
31.21393,48.9504,49,T
31.2123,48.96093,65,T
31.20399,48.9528,63,T
31.12847,49.32096,71,T
31.04259,49.39704,70,T
30.89682,49.67506,76,T
31.35341,45.9636,56,T
31.09072,47.79332,59,T
30.923,48.85527,69,T
30.72285,49.82664,72,T
30.92909,48.01904,71,T
31.02686,47.27894,86,T
31.02541,47.28924,86,T
30.56455,50.01295,62,T
30.48655,50.48901,66,T
30.56986,49.92112,71,T
30.39586,50.61785,76,T
30.88004,47.33403,85,T
30.82548,47.33438,75,T
30.34807,50.29417,69,T
30.39457,49.85912,70,T
30.38533,49.85714,39,T
30.80792,46.66702,72,T
30.68737,47.32769,58,T
30.15076,50.42176,79,T
30.61308,47.32875,80,T
30.60424,47.3271,39,T
30.52922,47.59616,77,T
30.52774,47.60635,73,T
30.52626,47.61655,72,T
30.55855,47.32908,71,T
30.04056,50.64067,69,T
30.56247,47.10905,76,T
30.47273,47.59996,63,T
30.49472,47.32129,75,T
30.41826,47.60012,68,T
30.41678,47.6103,78,T
30.366,47.63636,74,T
30.36446,47.33276,57,T
30.363,47.34295,62,T
30.35416,47.3413,78,T
30.2755,47.74867,61,T
30.31538,47.34857,75,T
30.2623,47.71479,71,T
30.27856,47.35217,67,T
30.2771,47.36235,76,T
29.25673,53.12264,67,T
30.16896,47.40923,57,T
30.16749,47.41939,69,T
29.53316,50.95288,69,T
29.03357,47.53706,75,T
29.03209,47.54711,72,T
28.71954,48.33117,60,T
27.7612,52.16208,57,T
27.7584,52.17745,72,T
26.31454,43.72124,40,T
29.77891,107.03068,29,A
30.71684,105.65656,17,A
34.61248,117.11044,65,A
35.67079,110.64276,47,A
35.19849,107.18945,13,A
36.48083,112.91772,71,A
36.60792,112.96825,57,A
37.07559,111.78936,44,A
37.07785,111.6741,84,A
37.0763,111.66299,62,A
37.16668,112.25581,58,A
37.25201,111.9981,58,A
37.24081,111.85015,56,A
37.57283,112.26252,37,A
38.54461,113.02829,61,A
38.54306,113.01582,55,A
37.75786,107.71808,70,A
38.55539,112.9623,58,A
38.99069,116.87169,74,A
39.06812,113.0393,42,A
39.1288,112.33253,37,A
39.27609,112.62293,53,A
39.56847,112.82628,53,A
39.25365,110.1638,52,A
39.26244,110.16163,57,A
39.4409,110.49888,77,A
39.43927,110.48753,71,A
39.32631,106.98058,53,A
40.6158,109.74081,44,A
26.62222,101.60255,77,T
31.82451,77.76698,0,T
29.04554,82.01628,58,T
29.04411,82.0262,70,T
27.13054,84.29162,75,T
27.12867,84.30296,82,T
27.12112,84.28972,67,T
27.11925,84.30106,73,T
25.86809,78.69985,63,T
25.7268,76.56253,61,T
25.72511,76.57768,54,T
25.58976,76.67571,87,T
25.58813,76.69049,84,T
25.58521,76.68325,80,T
25.48445,76.57317,52,T
25.47931,76.61799,75,T
25.37393,76.97245,72,T
25.369,76.96513,68,T
23.76121,86.39662,60,T
24.64684,80.46458,47,T
24.31085,77.46003,74,T
23.30771,80.22145,28,T
22.21157,84.87534,67,T
22.91893,79.16898,80,T
22.04612,83.73088,68,T
22.04414,83.74284,56,T
22.82732,78.40131,37,T
22.41874,80.18171,57,T
21.92417,83.34735,69,T
21.9223,83.35879,66,T
22.41793,79.66457,70,T
22.6914,77.53896,59,T
22.35871,79.89174,71,T
22.33085,79.82229,70,T
22.37226,79.46241,52,T
22.30068,79.77817,62,T
22.27341,79.84266,71,T
22.49314,77.49833,53,T
21.87617,81.66508,54,T
21.86523,81.3735,73,T
21.67082,81.43728,33,T
20.96725,85.1668,56,T
20.96458,85.18199,67,T
20.78813,85.26259,68,T
21.11898,82.48491,65,T
21.76711,77.88895,66,T
15.65418,78.4894,60,T
15.17187,76.6581,52,T
15.17048,76.66847,54,T
7.17327,79.88493,30,T
22.62016,54.14673,80,T
38.70667,60.34392,71,T
12.44189,98.60611,0,A
12.82129,99.91212,79,A
13.6098,101.33141,63,A
14.10723,99.21941,72,A
14.79563,100.1478,72,A
15.95457,100.0004,66,A
16.21164,100.28612,53,A
17.23804,100.12173,74,A
17.69456,95.91315,27,A
18.20426,98.64041,65,A
21.90041,100.05223,44,A
21.99316,100.48983,18,A
21.89224,99.75167,32,A
22.17058,101.34694,31,A
22.77578,100.86341,22,A
22.41214,97.83384,30,A
22.48182,97.33434,60,A
23.17025,100.33421,60,A
23.40238,100.66477,81,A
23.86865,96.46203,65,A
24.7338,101.30205,78,A
24.69535,97.40759,59,A
25.07169,97.50432,62,A
25.13264,97.48549,70,A
25.40315,98.01299,38,A
25.56841,96.64584,65,A
25.69177,96.65211,68,A
26.26622,96.64407,62,A
25.70998,92.86027,65,A
26.54434,96.45018,51,A
27.69673,101.59917,73,A
27.69539,101.58865,50,A
27.42585,97.179,58,A
27.42412,97.16827,59,A
27.51679,97.16566,74,A
27.51493,97.15415,58,A
27.69557,96.18711,69,A
28.10286,96.54959,61,A
28.70596,89.02492,0,A
28.70203,89.01773,0,A
29.30142,91.14143,0,A
36.79275,93.33256,50,A
36.82609,93.35088,56,A
37.81997,93.45679,34,A
37.83157,93.46704,61,A
37.82934,93.45418,69,A
39.85042,98.27636,59,A
39.84885,98.26377,79,A
12.28518,76.9554,60,A
15.89149,78.49329,59,A
15.95838,78.50552,52,A
22.0397,83.73577,52,A
21.96086,78.95598,64,A
22.25616,79.83861,50,A
22.25453,79.82548,46,A
22.25669,79.75893,52,A
22.24779,79.6233,41,A
22.30267,79.73346,82,A
21.33997,73.00564,83,A
21.33803,72.99387,99,A
22.31451,79.74495,85,A
21.34784,72.99201,77,A
22.34745,79.92785,67,A
22.41512,80.39622,58,A
22.39116,79.87446,34,A
22.41923,80.02053,28,A
22.40679,79.65945,58,A
22.4138,79.63234,72,A
22.41219,79.61948,73,A
22.66887,78.1267,64,A
22.65798,77.70232,51,A
22.71661,78.00362,61,A
22.68881,77.79292,75,A
22.65259,77.45233,0,A
22.85021,78.55949,56,A
22.84879,78.54816,60,A
22.71696,77.52995,65,A
23.05165,79.95926,52,A
22.91815,78.63066,41,A
22.83267,77.90426,42,A
22.85047,77.96645,72,A
22.83349,77.83952,58,A
22.94448,78.34414,51,A
22.95348,77.57408,66,A
23.31038,79.82026,38,A
23.0608,77.61387,19,A
23.41286,80.01154,53,A
23.41854,79.968,73,A
23.4169,79.95404,75,A
23.43576,80.0227,78,A
23.4341,80.00861,79,A
23.43244,79.99456,38,A
23.48005,79.98109,60,A
23.47843,79.967,54,A
23.54481,80.07275,54,A
24.58044,77.91336,38,A
24.78367,77.02484,66,A
24.80691,76.98935,63,A
24.89888,77.06388,62,A
25.27455,77.82494,48,A
25.19446,76.18486,51,A
25.62372,78.82887,23,A
25.62213,78.81595,70,A
25.60161,78.65,15,A
25.62124,78.82362,64,A
25.58173,78.16136,51,A
25.41979,76.62563,71,A
25.4184,76.61541,76,A
25.44477,76.60453,87,A
25.4434,76.59431,26,A
25.66045,78.13061,55,A
25.79533,78.81778,67,A
25.79375,78.80479,60,A
25.81991,78.93429,41,A
25.59801,77.07288,54,A
25.7408,78.12476,25,A
25.57572,76.69241,66,A
25.58897,76.72188,79,A
25.59251,76.67909,83,A
25.82871,78.4327,41,A
25.60577,76.70855,70,A
25.60299,76.68791,84,A
25.60159,76.67759,26,A
25.98139,79.52395,63,A
25.60999,76.60265,39,A
25.61817,76.59476,49,A
25.61543,76.57426,75,A
25.98781,79.53107,56,A
25.89681,78.7377,53,A
25.89377,78.71188,33,A
25.81371,78.0465,35,A
25.81226,78.0347,47,A
25.62449,76.57275,85,A
25.99848,79.52959,50,A
25.84778,78.16254,82,A
25.64122,76.55949,76,A
25.63984,76.54926,77,A
25.91787,78.65606,31,A
25.65028,76.55799,96,A
25.6489,76.54775,86,A
25.84361,77.96992,66,A
25.66072,76.56672,53,A
25.65933,76.55648,68,A
25.98373,79.03396,60,A
25.86362,78.0509,31,A
25.85621,77.99192,51,A
25.68301,76.59447,67,A
25.68371,76.53149,65,A
25.93073,78.34779,51,A
26.02129,79.11966,71,A
26.04608,79.0606,62,A
25.73256,76.55943,66,A
25.73118,76.54918,74,A
26.01413,78.70157,83,A
25.95964,78.09096,14,A
25.78273,76.65638,100,A
25.78134,76.64604,95,A
25.79183,76.65488,83,A
25.79043,76.64455,89,A
25.81495,76.75714,72,A
25.79672,76.62239,14,A
25.8047,76.61454,70,A
25.80332,76.60423,53,A
25.82976,76.66322,76,A
25.85567,76.64835,58,A
26.18874,79.13068,65,A
25.93912,76.79935,71,A
26.2292,78.7104,30,A
26.45037,78.34615,56,A
26.50823,78.40875,51,A
26.67269,71.54273,57,A
26.67063,71.53045,66,A
26.86015,71.99062,83,A
26.83121,71.81448,61,A
26.87608,72.06564,74,A
26.87415,72.05413,71,A
26.86443,71.9963,68,A
26.86247,71.98469,60,A
26.88557,72.06366,85,A
26.88365,72.05214,78,A
26.89507,72.06168,56,A
26.89314,72.05016,35,A
26.90265,72.04817,62,A
27.17039,71.86488,72,A
27.16844,71.85316,92,A
27.16648,71.84142,78,A
27.16257,71.8179,82,A
27.17018,71.80408,75,A
27.18753,71.84903,72,A
27.17975,71.80199,69,A
27.00524,70.2462,53,A
27.47576,71.91479,34,A
28.78852,79.2873,63,A
28.93881,79.39827,67,A
28.92133,76.40597,56,A
29.54387,77.1702,52,A
29.48683,76.59538,62,A
29.4854,76.58394,71,A
29.47901,76.45738,69,A
29.50218,76.07308,63,A
29.51631,76.03712,68,A
29.51489,76.02621,58,A
29.57824,76.29727,78,A
29.20679,73.50629,41,A
29.22025,73.53506,47,A
29.21873,73.52488,22,A
29.60602,76.16093,57,A
29.6046,76.14988,74,A
29.3492,73.96191,79,A
29.34772,73.95181,40,A
29.35804,73.96019,44,A
29.65189,76.00697,60,A
29.50761,74.94217,68,A
29.50618,74.93191,44,A
29.63662,75.82098,67,A
29.66158,75.9384,74,A
29.66915,75.9426,82,A
29.66774,75.93172,75,A
29.63816,75.70526,65,A
29.73871,76.33793,60,A
29.73068,76.05499,68,A
29.08465,71.61491,45,A
29.75106,75.99537,31,A
29.74962,75.98443,70,A
29.74818,75.9735,72,A
29.49365,74.13617,73,A
29.49218,74.12606,64,A
29.49071,74.11595,50,A
29.77909,76.13694,92,A
29.77763,76.12587,94,A
29.75157,75.92828,84,A
29.69982,75.54181,25,A
29.51274,74.20524,31,A
29.77011,76.0078,35,A
29.7687,75.99683,85,A
29.59051,74.67336,58,A
29.56178,74.47004,78,A
29.78923,76.08326,59,A
29.78072,76.01719,52,A
29.76578,75.83028,36,A
29.70684,75.31817,61,A
29.82977,76.17831,66,A
29.80686,76.00143,63,A
29.78689,75.84875,70,A
29.74422,75.52723,50,A
29.81605,75.99984,83,A
29.7305,75.35686,68,A
29.72908,75.34636,74,A
29.62337,74.58358,48,A
29.60749,74.47181,42,A
29.60605,74.46166,50,A
29.81519,75.92168,40,A
29.79657,75.78065,46,A
29.60621,74.39912,30,A
29.98314,77.1678,65,A
29.79423,75.69299,78,A
29.81337,75.76666,41,A
29.79758,75.64855,64,A
29.61082,74.30455,50,A
29.88626,76.24863,58,A
29.83545,75.86246,73,A
29.83257,75.84075,85,A
29.80234,75.6149,38,A
29.76935,75.37138,44,A
29.89263,76.25336,61,A
29.86639,75.97423,32,A
29.85789,75.90856,69,A
29.83808,75.75665,65,A
29.89692,76.13837,85,A
29.84779,75.68885,67,A
29.84637,75.67812,49,A
29.83218,75.57119,48,A
29.88537,75.90377,81,A
29.88395,75.89286,30,A
29.91603,76.06701,79,A
29.9146,76.05595,54,A
29.83748,75.47237,61,A
29.83606,75.46179,63,A
29.87935,75.7163,62,A
29.87792,75.70554,54,A
29.97367,76.36664,48,A
29.91861,75.94272,83,A
29.91717,75.93177,54,A
29.91574,75.92083,64,A
29.86269,75.52219,67,A
29.81127,75.14392,64,A
29.9495,76.10659,69,A
29.93935,76.02909,93,A
29.93212,75.97404,78,A
29.93068,75.96306,53,A
29.92058,75.88647,55,A
29.91914,75.87556,74,A
29.91049,75.81033,78,A
29.90474,75.76703,40,A
29.94566,76.00544,83,A
29.92396,75.84131,58,A
29.90234,75.67923,22,A
29.87074,75.44475,67,A
29.96669,76.10827,80,A
29.93272,75.84418,62,A
29.93131,75.83331,48,A
29.91154,75.68187,61,A
29.95321,75.92999,47,A
29.92488,75.71257,77,A
29.90791,75.58376,47,A
29.99089,76.14967,72,A
29.98946,76.1385,74,A
29.97947,76.06066,66,A
29.96523,75.95033,71,A
29.95528,75.87369,63,A
29.91131,75.53947,49,A
29.95304,75.78505,36,A
29.95162,75.77422,73,A
29.94878,75.75256,76,A
29.91894,75.5272,60,A
29.91752,75.51656,49,A
29.90475,75.42107,55,A
29.86784,75.14819,55,A
29.3028,71.42759,65,A
29.99792,76.05747,54,A
29.99648,76.04639,64,A
29.98789,75.98013,69,A
29.95077,75.69697,96,A
29.94934,75.6862,34,A
29.98132,75.85798,51,A
29.97989,75.84707,81,A
29.95701,75.67382,70,A
29.95559,75.66307,73,A
29.95131,75.63085,69,A
29.94988,75.62012,73,A
29.98473,75.81281,66,A
30.03863,76.15289,39,A
29.98525,75.74614,87,A
29.95371,75.51009,52,A
29.95228,75.49945,58,A
30.03772,76.07329,43,A
30.03627,76.06219,90,A
29.95559,75.45535,84,A
29.95416,75.44474,46,A
29.95273,75.43414,67,A
30.01071,75.79714,69,A
30.04101,75.97645,41,A
30.03959,75.96542,61,A
29.98732,75.56396,67,A
29.95346,75.30939,71,A
30.0346,75.8541,60,A
30.02185,75.75615,83,A
29.95114,75.22376,57,A
29.94547,75.18191,70,A
30.06368,76.00639,70,A
30.06083,75.98428,85,A
30.05941,75.97325,80,A
30.01963,75.66807,49,A
30.01821,75.6573,73,A
29.99979,75.51801,50,A
29.99837,75.50735,59,A
29.98845,75.43293,81,A
29.98704,75.42233,77,A
30.11018,76.29613,61,A
30.07718,76.03802,73,A
30.05862,75.89467,63,A
30.04153,75.76378,33,A
30.11951,76.29454,87,A
30.11806,76.2832,72,A
30.09215,76.0809,36,A
30.08354,76.01427,98,A
30.08211,76.0032,92,A
30.05779,75.81655,77,A
30.05636,75.80566,74,A
30.0478,75.74049,76,A
30.04495,75.71883,45,A
30.03213,75.62182,51,A
30.01078,75.46155,70,A
30.00936,75.45092,80,A
29.98092,75.23985,34,A
30.16673,76.59255,62,A
30.13899,76.37276,56,A
30.05692,75.73888,64,A
30.05264,75.70641,47,A
30.04407,75.64171,80,A
30.03265,75.55589,66,A
30.0013,75.32233,77,A
29.9842,75.1963,81,A
29.96281,75.03991,74,A
29.95853,75.00877,36,A
29.94138,74.88464,68,A
30.10774,76.05545,36,A
30.10197,76.01107,47,A
30.04601,75.5864,56,A
30.026,75.43707,78,A
30.02458,75.42645,53,A
30.09819,75.91021,65,A
30.09243,75.86636,49,A
30.0766,75.74651,84,A
30.06943,75.69239,83,A
30.06369,75.64925,67,A
30.06225,75.63849,55,A
30.05652,75.59551,71,A
29.97783,75.01586,45,A
30.11171,75.9416,81,A
30.08861,75.76661,69,A
30.08141,75.7124,40,A
30.02401,75.28586,60,A
30.01255,75.20187,51,A
30.00109,75.11826,42,A
29.9882,75.0246,56,A
29.95663,74.79726,46,A
29.95519,74.78697,40,A
29.95376,74.77669,40,A
29.95232,74.76641,38,A
29.92783,74.59218,69,A
29.92639,74.58195,56,A
30.14418,76.11757,72,A
30.0531,75.43221,50,A
30.0287,75.25269,59,A
30.02726,75.24219,73,A
30.15199,76.12098,57,A
30.13496,75.98736,51,A
30.13354,75.9763,76,A
30.11937,75.86618,50,A
30.07697,75.54135,66,A
29.99347,74.92133,61,A
30.20424,76.46075,68,A
30.2028,76.44921,53,A
30.15128,76.04124,49,A
30.11152,75.7337,24,A
30.08603,75.53974,82,A
30.03364,75.14849,39,A
29.981,74.76492,48,A
30.19634,76.32129,48,A
30.15053,75.96203,41,A
30.14198,75.8959,35,A
30.14055,75.88491,42,A
30.04971,75.19922,52,A
30.04403,75.15732,54,A
30.02839,75.04254,55,A
30.0999,75.50443,48,A
29.99593,74.74104,74,A
29.95854,74.47481,44,A
30.21358,76.30671,58,A
30.20346,76.22718,61,A
30.17898,76.03645,64,A
30.11323,75.53489,87,A
30.09329,75.38574,35,A
29.96451,74.45272,48,A
30.15231,75.75986,62,A
30.1423,75.68392,91,A
30.14087,75.67311,71,A
30.13515,75.62994,61,A
30.12372,75.54398,44,A
30.0695,75.14195,50,A
30.17007,75.82371,54,A
30.16863,75.81277,55,A
30.09276,75.2452,64,A
30.09133,75.23469,50,A
30.22119,76.14346,56,A
30.21103,76.06509,50,A
30.20958,76.05393,87,A
30.19944,75.97615,59,A
30.1951,75.94299,51,A
30.19221,75.92092,48,A
30.18788,75.88789,23,A
30.18355,75.85496,69,A
30.15334,75.62671,62,A
30.09603,75.20155,54,A
30.086,75.12822,75,A
30.08457,75.11777,85,A
28.8287,67.55952,36,A
30.24948,76.28896,66,A
30.2043,75.94138,48,A
30.17395,75.71159,66,A
30.16675,75.65747,77,A
30.13082,75.38985,78,A
30.12938,75.37924,65,A
30.10214,75.17893,62,A
30.0634,74.89777,53,A
30.06196,74.88743,64,A
28.84477,67.5765,66,A
28.84083,67.55634,73,A
30.2544,76.25324,63,A
30.23974,76.14027,95,A
30.19464,75.79704,25,A
30.1932,75.78613,33,A
30.18741,75.74256,27,A
30.12835,75.30355,68,A
30.12404,75.2719,63,A
30.1025,75.11449,81,A
30.01606,74.49535,66,A
30.24479,76.13369,42,A
30.24195,76.11123,23,A
30.15982,75.47706,37,A
30.15135,75.41309,49,A
30.11175,75.11781,78,A
30.11033,75.10736,64,A
30.05344,74.69305,67,A
28.83503,67.57412,48,A
28.83095,67.55401,74,A
30.26407,76.21111,84,A
30.23554,75.98685,73,A
30.1802,75.56114,74,A
30.17596,75.52895,59,A
30.17454,75.51823,69,A
30.16888,75.47544,55,A
30.15755,75.39021,34,A
30.15189,75.34776,38,A
30.14339,75.2843,47,A
30.13631,75.2316,59,A
30.07948,74.81495,67,A
30.03361,74.48648,73,A
29.77641,72.75605,48,A
30.22481,75.8308,53,A
30.20206,75.65656,47,A
30.19922,75.63494,56,A
30.1978,75.62415,73,A
30.16942,75.40985,83,A
30.168,75.39922,85,A
30.12115,75.05186,63,A
30.24254,75.89514,76,A
30.22399,75.75268,89,A
30.21259,75.66577,46,A
30.21117,75.65495,87,A
30.2069,75.62253,55,A
30.08727,74.73948,91,A
30.08584,74.72919,67,A
30.27469,76.07121,90,A
30.26894,76.02654,81,A
30.26751,76.0154,71,A
30.23742,75.78381,43,A
30.22741,75.70754,29,A
30.20316,75.52409,79,A
30.18037,75.35349,63,A
30.17894,75.34289,82,A
30.1761,75.3217,29,A
30.17467,75.31111,63,A
30.16328,75.2267,66,A
30.13477,75.01732,80,A
30.08612,74.66583,37,A
30.08181,74.63503,78,A
30.27818,76.02495,85,A
30.27674,76.0138,78,A
30.2753,76.00268,84,A
30.25948,75.88092,38,A
30.23797,75.7168,41,A
30.16799,75.19351,41,A
30.158,75.12009,85,A
30.15657,75.10962,79,A
30.13371,74.94289,44,A
30.1237,74.87034,21,A
29.82206,72.81149,63,A
30.2932,76.06802,76,A
30.27731,75.94558,86,A
30.27587,75.93451,89,A
30.23706,75.63929,33,A
30.22559,75.55305,74,A
30.21128,75.44598,54,A
30.20985,75.43531,68,A
30.1884,75.27615,77,A
30.17268,75.16037,71,A
30.17125,75.14988,60,A
30.16696,75.11845,83,A
30.16553,75.10798,81,A
30.23898,75.58372,67,A
30.22606,75.48709,43,A
30.22463,75.47639,55,A
30.21316,75.39109,66,A
30.081,74.43553,50,A
29.85764,72.92258,59,A
29.6607,71.67804,54,A
30.34094,76.29097,92,A
30.33948,76.27955,73,A
30.31026,76.05364,65,A
30.29283,75.92023,88,A
30.26391,75.7011,77,A
30.26247,75.69024,93,A
30.25671,75.64688,76,A
30.20211,75.24124,74,A
30.20067,75.2307,69,A
30.13751,74.77239,69,A
30.13607,74.76208,59,A
30.31076,75.98515,41,A
30.28461,75.7867,82,A
30.28317,75.77576,89,A
30.28027,75.75392,60,A
30.26581,75.64526,41,A
30.25139,75.53746,43,A
30.23986,75.45178,63,A
30.21685,75.28183,34,A
30.15936,74.86372,60,A
30.13199,74.66778,40,A
30.07253,74.2486,69,A
30.07107,74.23843,70,A
30.34165,76.16814,68,A
30.34022,76.15683,80,A
30.31603,75.96635,77,A
30.31319,75.94415,46,A
30.29192,75.77888,56,A
30.27492,75.6482,41,A
30.26643,75.58333,80,A
30.22824,75.29487,86,A
30.22683,75.28429,61,A
30.22116,75.24201,51,A
30.20983,75.15777,31,A
30.20842,75.14727,83,A
30.207,75.13677,87,A
30.12861,74.56695,87,A
30.12717,74.55669,60,A
30.30675,75.82113,46,A
30.28971,75.69,67,A
30.25993,75.46353,80,A
30.25851,75.45283,76,A
30.23725,75.29324,79,A
30.22449,75.1982,59,A
30.22307,75.18768,91,A
30.20887,75.08273,32,A
30.20745,75.07227,41,A
30.12741,74.49356,71,A
30.11875,74.4322,61,A
29.69564,71.67554,55,A
30.3876,76.38206,61,A
30.34448,76.04119,74,A
30.34305,76.03001,81,A
30.30168,75.71015,24,A
30.28888,75.6125,74,A
30.21783,75.08109,81,A
30.14924,74.58411,68,A
30.31224,75.71944,31,A
30.28943,75.54614,73,A
30.28801,75.53539,60,A
30.25242,75.26881,34,A
30.15667,74.57217,60,A
30.15523,74.56192,32,A
29.93187,73.04005,55,A
30.34429,75.89343,46,A
30.29423,75.51227,83,A
30.2928,75.50153,83,A
30.28852,75.46936,65,A
30.2871,75.45866,78,A
30.26,75.2566,67,A
30.25858,75.24603,84,A
30.14389,74.41692,68,A
30.14244,74.40671,54,A
30.41139,76.3427,67,A
30.37512,76.0588,79,A
30.34343,75.81469,75,A
30.34055,75.79274,77,A
30.31761,75.61845,80,A
30.31618,75.60764,65,A
30.31475,75.59683,70,A
30.31332,75.58603,81,A
30.27901,75.32912,64,A
30.20893,74.81604,74,A
30.18307,74.63044,78,A
30.41638,76.30663,71,A
30.33533,75.68193,74,A
30.3339,75.67107,74,A
30.31381,75.51977,57,A
30.25368,75.07451,30,A
30.18763,74.59794,76,A
30.18619,74.58768,40,A
30.1529,74.35226,80,A
30.15144,74.34206,62,A
30.14999,74.33185,63,A
29.60375,70.83567,50,A
30.40382,76.13435,88,A
30.3531,75.74574,32,A
30.34014,75.64774,74,A
30.31714,75.47521,63,A
30.30565,75.38969,54,A
30.29561,75.31525,38,A
30.28988,75.27285,43,A
30.38833,75.94241,61,A
30.38253,75.89806,72,A
30.37383,75.83186,89,A
30.37238,75.82086,73,A
30.33628,75.54881,62,A
30.16041,74.27745,65,A
30.15895,74.26725,69,A
30.41946,76.1086,85,A
30.40922,76.02999,55,A
30.40338,75.98531,62,A
30.3772,75.7863,59,A
30.37575,75.77534,93,A
30.36995,75.73158,53,A
30.3685,75.72066,81,A
30.36415,75.68797,37,A
30.27912,75.05911,78,A
30.27768,75.04865,93,A
30.42447,76.10201,70,A
30.37617,75.72472,67,A
30.37476,75.71381,66,A
30.35777,75.58343,54,A
30.33513,75.41144,59,A
30.28839,75.06245,53,A
30.46387,76.33987,77,A
30.37822,75.66859,86,A
30.3768,75.65771,88,A
30.33425,75.33517,62,A
30.22738,74.55318,64,A
30.47903,76.38452,72,A
30.42728,75.97542,73,A
30.40016,75.76529,76,A
30.38734,75.66698,40,A
30.38023,75.61267,32,A
30.31485,75.12211,40,A
30.44943,76.07467,76,A
30.43651,75.97382,81,A
30.42075,75.85171,66,A
30.40217,75.70896,72,A
30.40075,75.69804,47,A
30.39789,75.67624,69,A
30.33949,75.23644,86,A
30.33807,75.22588,91,A
30.33665,75.2153,86,A
30.32668,75.1415,30,A
30.32525,75.13098,89,A
30.30672,74.99476,68,A
30.29531,74.91138,65,A
30.27815,74.78686,50,A
30.25089,74.59091,47,A
30.24945,74.58064,57,A
30.46737,76.14081,82,A
30.45871,76.07307,81,A
30.44143,75.93879,73,A
30.43999,75.92767,61,A
30.39987,75.62028,84,A
30.36561,75.36223,76,A
30.36419,75.35158,56,A
30.33994,75.17146,42,A
30.28706,74.78519,75,A
30.26409,74.62009,62,A
30.43769,75.83746,65,A
30.4305,75.7824,66,A
30.38751,75.45685,67,A
30.38037,75.40331,93,A
30.37893,75.39262,77,A
30.33606,75.07519,63,A
30.44831,75.84689,15,A
30.35505,75.14711,76,A
30.34073,75.04211,50,A
30.23115,74.25822,50,A
30.35973,75.11391,55,A
30.34108,74.97772,52,A
30.33965,74.96728,59,A
30.28641,74.58421,84,A
30.28497,74.57393,68,A
30.13009,73.50246,69,A
30.40607,75.38773,63,A
30.29818,74.60311,70,A
30.29674,74.59282,79,A
30.22102,74.06113,44,A
30.55373,76.44315,74,A
30.46571,75.76498,59,A
30.4382,75.55804,61,A
30.43676,75.54723,31,A
30.42665,75.47182,61,A
30.41944,75.41819,76,A
30.40647,75.32213,38,A
30.34458,74.87025,65,A
30.32584,74.73551,39,A
30.3244,74.72517,73,A
30.29694,74.52948,38,A
30.29549,74.51921,36,A
30.27808,74.39622,74,A
30.27663,74.38598,65,A
30.25477,74.23271,35,A
30.22986,74.05941,70,A
30.22544,74.02885,70,A
30.56003,76.44732,81,A
30.55859,76.43564,57,A
30.46158,75.6696,82,A
30.43324,75.45312,18,A
30.42758,75.41021,89,A
30.42616,75.39951,67,A
30.41624,75.32475,74,A
30.40349,75.22913,71,A
30.37085,74.98711,54,A
30.35662,74.88278,40,A
30.30797,74.53133,63,A
30.48066,75.74456,69,A
30.45508,75.54849,32,A
30.41676,75.25931,57,A
30.40824,75.19575,59,A
30.40681,75.18517,64,A
30.38976,75.05879,56,A
30.37267,74.93322,80,A
30.37125,74.92279,77,A
30.36983,74.91237,77,A
30.29809,74.39632,53,A
30.48982,75.74295,28,A
30.48127,75.67728,71,A
30.45706,75.4929,73,A
30.44995,75.43913,22,A
30.40585,75.1097,38,A
30.37162,74.85866,49,A
30.58106,76.38425,71,A
30.55354,76.16576,43,A
30.48326,75.62117,62,A
30.46614,75.49128,51,A
30.45188,75.38391,68,A
30.45046,75.37321,74,A
30.41339,75.09753,50,A
30.58027,76.30161,62,A
30.51387,75.7837,63,A
30.49381,75.63042,49,A
30.49238,75.61954,61,A
30.43523,75.19083,74,A
30.42666,75.12748,50,A
30.39806,74.91782,74,A
30.35501,74.60694,55,A
30.35357,74.59663,51,A
30.29411,74.17661,61,A
30.52448,75.79311,58,A
30.49146,75.54201,80,A
30.48,75.45573,71,A
30.47284,75.40206,32,A
30.4571,75.28465,71,A
30.41273,74.95793,65,A
30.39696,74.84328,91,A
30.39553,74.83289,54,A
30.38691,74.77061,80,A
30.50199,75.5512,73,A
30.49912,75.52957,63,A
30.46612,75.283,54,A
30.41594,74.91452,86,A
30.4145,74.90409,82,A
30.41163,74.88325,89,A
30.41019,74.87283,88,A
30.39582,74.76894,54,A
30.34965,74.43911,69,A
30.3482,74.42886,69,A
30.28094,73.95914,61,A
30.50389,75.49556,72,A
30.50245,75.48478,81,A
30.45217,75.11201,77,A
30.45073,75.10148,74,A
30.44068,75.02792,80,A
30.40761,74.78802,51,A
30.39609,74.70515,79,A
30.39465,74.69481,79,A
30.36576,74.48874,49,A
30.34544,74.34521,60,A
30.32504,74.20211,44,A
30.54186,75.71133,76,A
30.4928,75.34369,75,A
30.48704,75.30103,28,A
30.44101,74.96343,31,A
30.42949,74.87993,67,A
30.42805,74.86951,57,A
30.37463,74.48706,76,A
30.37318,74.47678,30,A
30.35866,74.37423,63,A
30.44275,74.90955,86,A
30.42977,74.81585,58,A
30.42111,74.75359,84,A
30.31188,73.98453,51,A
30.59409,75.99127,44,A
30.53162,75.50694,36,A
30.46924,75.0385,43,A
30.45218,74.91285,77,A
30.45076,74.90241,79,A
30.52509,75.3869,53,A
30.47394,75.00536,51,A
30.34866,74.10804,52,A
30.4943,75.0878,64,A
30.49287,75.07726,67,A
30.43859,74.68096,18,A
30.54747,75.41584,42,A
30.52466,75.24487,32,A
30.49186,75.00206,95,A
30.48757,74.97062,43,A
30.48614,74.96014,70,A
30.47471,74.87658,66,A
30.45466,74.73106,90,A
30.40858,74.40125,37,A
30.53939,75.2858,34,A
30.48794,74.90622,81,A
30.47505,74.81244,78,A
30.46931,74.77088,56,A
30.5384,75.20972,66,A
30.52409,75.10394,67,A
30.47823,74.76921,95,A
30.47679,74.75883,52,A
30.46241,74.65527,76,A
30.37228,74.01954,62,A
30.3708,74.00934,70,A
30.35604,73.90736,73,A
30.71398,76.48754,54,A
30.5259,75.04963,54,A
30.52447,75.03912,47,A
30.50869,74.92381,84,A
30.50725,74.91335,88,A
30.50295,74.88203,67,A
30.50151,74.8716,75,A
30.48858,74.77793,83,A
30.48714,74.76755,87,A
30.47419,74.67428,86,A
30.72345,76.48595,71,A
30.56791,75.29156,78,A
30.53056,75.01645,94,A
30.52913,75.00595,58,A
30.51907,74.9326,45,A
30.51763,74.92215,78,A
30.5162,74.9117,86,A
30.49462,74.75551,78,A
30.71363,76.33228,63,A
30.71068,76.30908,77,A
30.56255,75.18359,41,A
30.5496,75.08846,52,A
30.73344,76.41228,79,A
30.73195,76.40059,80,A
30.57587,75.21378,58,A
30.56722,75.15018,75,A
30.54128,74.9607,32,A
30.53984,74.95023,38,A
30.73827,76.40478,83,A
30.56733,75.07854,63,A
30.52745,74.7853,81,A
30.52031,74.73335,78,A
30.47433,74.40307,50,A
30.47288,74.3928,66,A
30.69019,75.94501,54,A
30.68304,75.88905,88,A
30.53637,74.78364,70,A
30.60096,75.19168,38,A
30.59811,75.17046,77,A
30.54672,74.79237,26,A
30.53956,74.74039,69,A
30.53813,74.73001,84,A
30.47477,74.21348,53,A
30.47331,74.20325,80,A
30.47185,74.19302,51,A
30.47039,74.18279,76,A
30.60181,75.06139,50,A
30.59609,75.01926,65,A
30.5875,74.95622,37,A
30.58607,74.94573,67,A
30.55308,74.70591,57,A
30.62225,75.14432,72,A
30.58928,74.90218,54,A
30.58785,74.89172,69,A
30.4837,74.14868,75,A
30.58241,74.78571,67,A
30.58097,74.77531,67,A
30.58701,74.75283,82,A
30.58557,74.74244,60,A
30.57835,74.69052,39,A
30.78764,76.11309,73,A
30.76122,75.90971,33,A
30.60773,74.7703,83,A
30.63729,74.91983,73,A
30.62161,74.80481,75,A
30.61733,74.77354,65,A
30.6159,74.76313,69,A
30.60303,74.66961,73,A
30.52933,74.14474,82,A
30.52787,74.13451,73,A
30.67615,75.13961,36,A
30.54693,74.20445,55,A
31.03628,78.00706,34,A
31.03452,77.99113,48,A
30.84564,76.38086,73,A
30.84418,76.36913,74,A
30.82101,76.18346,67,A
30.72077,75.40535,88,A
30.71935,75.39456,48,A
30.67517,75.06386,47,A
30.62944,74.72858,28,A
30.60934,74.58338,30,A
30.55869,74.22323,45,A
30.55724,74.21298,82,A
30.54702,74.14132,65,A
30.54117,74.1004,55,A
30.63835,74.72691,94,A
30.63692,74.71651,75,A
30.63261,74.68534,24,A
30.6283,74.65421,60,A
30.62542,74.63348,80,A
30.62399,74.62312,70,A
30.61967,74.59205,51,A
30.62856,74.59037,27,A
30.85052,76.19017,60,A
30.83305,76.05289,70,A
30.79976,75.79445,75,A
30.79831,75.78334,77,A
30.68348,74.92204,31,A
30.65618,74.72356,31,A
30.65042,74.682,76,A
30.6461,74.65086,83,A
30.64466,74.64049,88,A
30.6389,74.59904,69,A
30.62012,74.46475,44,A
30.61304,74.34983,88,A
30.61158,74.33955,72,A
30.61013,74.32928,67,A
30.65524,74.58533,61,A
30.64077,74.482,64,A
30.71754,74.9696,75,A
30.7161,74.95908,62,A
30.6988,74.83326,40,A
30.69736,74.82281,76,A
30.63367,74.367,64,A
30.60449,74.16175,58,A
30.47735,73.29201,46,A
30.66433,74.51992,62,A
30.66288,74.50959,30,A
30.63088,74.28309,68,A
30.72541,74.88606,22,A
30.69969,74.69804,43,A
30.67529,74.52176,61,A
30.65943,74.40824,49,A
30.64931,74.33619,22,A
30.89132,76.08276,67,A
30.73007,74.85294,84,A
30.72721,74.83201,70,A
30.72579,74.82155,40,A
30.68729,74.47705,76,A
30.68585,74.46673,73,A
30.95946,76.47543,71,A
30.74079,74.7973,53,A
30.71348,74.59953,54,A
30.69617,74.47536,81,A
30.68894,74.42377,54,A
30.68025,74.36195,64,A
30.6788,74.35166,75,A
30.77984,75.01627,68,A
30.77124,74.95299,68,A
30.76981,74.94246,77,A
30.93296,76.11068,71,A
30.9315,76.09922,66,A
30.76584,74.8463,64,A
30.7644,74.83582,63,A
30.73128,74.59617,49,A
30.72983,74.5858,73,A
30.73439,74.55303,88,A
30.73295,74.54268,91,A
30.7315,74.53233,74,A
30.93406,75.97079,88,A
30.86297,75.4285,71,A
30.94333,75.96918,74,A
30.78111,74.75761,36,A
30.77244,74.69505,87,A
30.77099,74.68464,73,A
30.90292,75.58883,51,A
30.80245,74.78021,68,A
30.80103,74.76976,74,A
30.96977,75.98208,75,A
30.87842,75.27637,55,A
30.89174,75.307,76,A
30.88746,75.27472,70,A
30.77429,74.44437,64,A
30.77284,74.43404,79,A
31.01441,76.18514,70,A
30.9151,75.41344,27,A
31.03254,76.25322,74,A
30.91559,75.34686,81,A
30.91415,75.33607,68,A
30.90556,75.27144,44,A
30.71899,73.92722,75,A
31.02147,76.08974,70,A
31.02787,76.06521,60,A
31.01037,75.92869,77,A
30.94669,75.44114,48,A
30.8156,74.47896,80,A
31.01964,75.92707,81,A
30.9659,75.51585,78,A
30.96445,75.50491,59,A
30.94423,75.35275,54,A
30.83337,74.47558,82,A
30.23461,70.61021,45,A
31.03376,75.88994,70,A
31.00743,75.68875,74,A
30.86257,74.61913,77,A
30.83644,74.43252,44,A
30.83499,74.42218,76,A
30.83062,74.39119,79,A
30.82917,74.38087,89,A
30.84309,74.40327,77,A
30.43541,71.72147,63,A
30.43357,71.71028,64,A
31.0308,75.73479,75,A
30.85775,74.44294,29,A
30.85631,74.43259,76,A
31.05148,75.82262,63,A
31.01851,75.56711,86,A
31.01708,75.55611,72,A
30.9842,75.30566,65,A
30.90982,74.7534,51,A
30.90839,74.74294,58,A
30.75196,73.64022,57,A
30.4952,71.97214,67,A
31.09105,76.05923,71,A
31.03482,75.62057,66,A
30.52011,72.0685,61,A
31.02673,75.48708,63,A
30.99658,75.25925,64,A
30.29944,70.67927,64,A
30.29731,70.66684,77,A
31.07099,75.68214,80,A
31.08018,75.68051,85,A
31.05842,75.51501,70,A
31.05697,75.50405,72,A
31.02662,75.27586,48,A
31.02518,75.26508,56,A
30.94291,74.6614,65,A
31.08499,75.64561,61,A
30.97234,74.74168,78,A
30.96799,74.71028,53,A
30.96655,74.69982,51,A
31.06877,75.39568,63,A
30.99899,74.87122,62,A
31.13647,75.84805,76,A
31.0841,75.37064,84,A
31.07124,75.27316,77,A
31.03694,75.01611,35,A
31.00974,74.81522,49,A
31.12187,75.5881,71,A
31.10178,75.43435,85,A
31.0273,74.87677,57,A
31.02586,74.86622,73,A
31.10658,75.39999,77,A
31.10514,75.38911,72,A
31.01037,74.68599,65,A
31.0711,75.06436,73,A
31.06966,75.0537,49,A
31.06104,74.98988,51,A
31.0337,74.78918,85,A
31.03226,74.77867,70,A
31.03082,74.76817,67,A
31.13777,75.49512,63,A
31.08298,75.08405,95,A
31.11075,75.22179,66,A
31.09199,75.08239,86,A
31.05736,74.82793,86,A
31.15458,75.4809,82,A
31.15312,75.46993,69,A
31.14297,75.39345,82,A
31.13283,75.31738,68,A
31.06921,74.84734,58,A
31.16661,75.50121,45,A
31.12885,75.2185,68,A
31.09554,74.97262,82,A
31.09409,74.96201,43,A
31.05643,74.68806,60,A
31.05499,74.6776,62,A
30.61539,71.73432,54,A
30.61001,71.70079,55,A
31.19113,75.62576,68,A
31.14268,75.25353,84,A
31.10419,74.96434,42,A
31.08133,74.79515,63,A
31.18601,75.51359,60,A
31.1803,75.46963,75,A
31.15459,75.27351,79,A
31.11317,74.96268,63,A
31.17224,75.33694,71,A
31.15982,75.17311,83,A
31.15839,75.16236,82,A
30.98166,73.88823,67,A
31.16886,75.17146,71,A
31.16742,75.16071,53,A
31.22112,75.49603,82,A
30.66571,71.70485,57,A
31.14367,74.8484,41,A
31.14106,74.76237,62,A
31.2213,75.21709,75,A
31.2297,75.221,69,A
30.84975,72.57774,82,A
30.71514,71.73487,39,A
30.70783,71.69026,55,A
31.16148,74.64525,66,A
30.72614,71.74397,41,A
31.25211,75.25016,29,A
31.26404,75.2702,68,A
31.2583,75.22686,66,A
31.20378,74.82076,68,A
30.75726,71.76014,43,A
31.35012,75.78671,55,A
31.35936,75.78507,59,A
31.22776,74.79461,63,A
31.22632,74.78405,71,A
31.20898,74.65779,73,A
31.20754,74.6473,66,A
30.79366,71.80952,47,A
30.77939,71.72069,42,A
31.21088,74.53927,65,A
30.79749,71.77426,28,A
31.31846,75.26029,64,A
31.27347,74.92734,68,A
31.27202,74.91671,72,A
30.80309,71.75002,34,A
30.81859,71.79731,69,A
31.34551,75.32669,51,A
31.33979,75.28309,64,A
31.28686,74.88542,54,A
31.28543,74.8748,37,A
31.39487,75.41868,62,A
31.39343,75.40769,74,A
31.39199,75.39671,68,A
31.37323,75.25472,65,A
31.37178,75.24386,67,A
31.36601,75.20048,63,A
31.33718,74.9853,78,A
30.88555,71.91946,73,A
31.43592,75.66118,73,A
31.43447,75.64998,79,A
31.33463,74.89833,79,A
30.88235,71.84048,24,A
30.88058,71.82946,60,A
31.40587,75.36053,74,A
31.40442,75.34959,72,A
31.36386,75.04622,60,A
30.95685,72.25163,53,A
31.36708,75.00169,82,A
31.36563,74.99099,74,A
31.19159,73.68645,66,A
30.93237,71.97716,53,A
30.92197,71.91148,46,A
30.93871,71.9703,51,A
31.4583,75.49203,56,A
31.45686,75.48096,59,A
31.44398,75.38173,66,A
30.92835,71.84774,56,A
31.46601,75.47931,63,A
31.46458,75.46825,67,A
31.43733,75.25974,77,A
31.35697,74.66074,60,A
31.46509,75.40043,39,A
31.5239,75.70901,48,A
31.48045,75.37514,50,A
31.37943,74.62411,51,A
31.51546,75.35755,52,A
31.49943,75.23724,67,A
31.41515,74.61735,73,A
31.50158,75.18561,62,A
31.28673,73.63409,61,A
31.08621,72.31134,71,A
31.31024,73.6082,43,A
31.30874,73.5979,72,A
31.50326,74.92031,67,A
31.10903,71.98294,60,A
31.5526,74.94406,67,A
30.93456,70.77106,79,A
31.55675,74.70817,73,A
31.41648,73.70844,41,A
31.59808,74.80936,75,A
31.59663,74.79871,80,A
31.59085,74.75616,66,A
31.49476,73.87332,65,A
31.50597,73.87505,49,A
31.50006,73.83372,70,A
31.76733,75.60059,66,A
31.54136,73.93184,60,A
31.5443,73.88872,29,A
31.55749,73.79044,48,A
31.83876,75.59356,65,A
31.40434,72.15828,42,A
31.6695,73.86902,59,A
31.78831,74.65211,56,A
31.86323,75.13921,64,A
31.73646,74.20169,62,A
31.735,74.19125,58,A
31.65975,73.59834,52,A
31.44616,72.18707,60,A
31.75871,74.1652,78,A
31.75725,74.15476,72,A
31.47423,72.24744,34,A
31.86775,74.89376,64,A
31.49155,72.2989,44,A
31.49051,72.23286,28,A
31.51678,72.28242,23,A
31.51578,72.21631,67,A
31.88564,74.62138,0,A
31.55719,72.3672,62,A
31.54218,72.27135,71,A
31.90036,74.66225,40,A
31.57932,72.4501,56,A
31.57439,72.41833,13,A
31.93815,74.87494,66,A
31.87751,74.42737,52,A
31.61266,72.60645,58,A
31.71575,73.22994,54,A
31.70038,73.12629,38,A
31.59132,72.34887,16,A
31.58966,72.33823,75,A
31.60027,72.34694,57,A
31.77519,73.32444,59,A
31.60393,72.1916,61,A
31.85308,73.799,48,A
31.79313,73.38476,49,A
31.65401,72.45598,47,A
31.79076,73.29337,47,A
31.6921,72.63735,43,A
31.65788,72.41581,80,A
31.96531,74.45807,79,A
31.94936,74.34198,65,A
31.94501,74.31041,73,A
31.94355,74.2999,63,A
31.74077,72.89701,41,A
31.66352,72.39268,50,A
31.66187,72.38207,49,A
31.63352,72.2008,75,A
31.97423,74.45636,82,A
31.97278,74.44578,39,A
31.95972,74.35079,39,A
31.83119,73.44504,71,A
31.72112,72.70704,55,A
31.71631,72.67558,73,A
32.08149,75.1881,59,A
31.83701,73.42254,47,A
31.82184,73.31901,62,A
31.81727,73.28793,71,A
31.81574,73.27758,79,A
31.90416,73.82487,60,A
31.67546,72.29116,62,A
31.66212,72.20567,26,A
31.98498,74.3351,33,A
31.82577,73.22214,52,A
31.73015,72.58584,39,A
31.84986,73.32394,68,A
31.84834,73.31358,45,A
31.84225,73.27214,45,A
31.84072,73.26177,72,A
31.79134,72.92942,44,A
31.93811,73.87155,57,A
31.90091,73.61214,58,A
31.89642,73.58106,83,A
31.85869,73.32213,89,A
31.85717,73.31178,86,A
31.92468,73.71404,75,A
31.87815,73.39284,46,A
31.96025,73.89925,55,A
31.45067,70.6072,70,A
31.95711,73.80867,59,A
31.92587,73.59077,65,A
31.4548,70.61338,71,A
32.0421,74.35089,59,A
31.91668,73.46462,74,A
31.8052,72.71592,72,A
31.80361,72.70544,90,A
31.89211,73.2348,45,A
31.89635,73.20187,61,A
31.89482,73.19149,74,A
31.97018,73.64587,45,A
31.96869,73.63549,68,A
32.20847,75.31827,73,A
32.08939,74.4286,10,A
32.08794,74.41801,76,A
32.08356,74.38626,51,A
32.08211,74.37569,75,A
31.89865,73.09438,36,A
32.02647,73.91258,61,A
32.1087,74.43576,67,A
31.95304,73.33981,48,A
31.95152,73.32944,46,A
31.94544,73.28796,100,A
32.11178,74.39169,83,A
32.00689,73.5851,55,A
31.98584,73.4399,53,A
31.96463,73.29471,64,A
31.96311,73.28433,78,A
32.04052,73.74265,77,A
32.03903,73.73225,58,A
32.01368,73.55577,48,A
31.96215,73.20317,71,A
31.96062,73.19279,70,A
31.95909,73.18241,72,A
32.02684,73.52108,78,A
32.02534,73.5107,73,A
31.99478,73.23922,32,A
32.02491,73.38265,74,A
32.04733,73.47421,56,A
32.12024,73.85519,62,A
32.07684,73.48958,52,A
32.07232,73.45844,92,A
32.07081,73.44807,84,A
32.132,73.80999,95,A
32.13052,73.79958,90,A
32.07964,73.44627,72,A
32.08364,73.34361,75,A
32.08213,73.33323,71,A
32.07909,73.31247,72,A
32.12563,73.57028,57,A
32.11363,73.48717,71,A
32.10911,73.45602,72,A
32.09399,73.35219,68,A
32.09248,73.3418,63,A
32.07113,73.1964,43,A
32.01837,72.84232,36,A
32.05842,73.049,61,A
32.1358,73.51476,79,A
32.15664,73.59612,56,A
32.16996,73.62553,64,A
32.16846,73.61513,39,A
31.97919,72.28467,48,A
32.00525,72.33402,73,A
32.19576,73.53872,74,A
32.12259,72.37338,78,A
32.39944,73.35647,53,A
32.30045,72.68829,64,A
32.5669,73.75748,44,A
29.98808,55.8505,61,A
20.96336,85.16442,63,T
22.36685,87.30185,56,T
23.68168,86.09087,71,T
23.77318,86.3912,28,T
26.57026,101.67762,39,A
23.76583,86.39569,38,A
22.04023,83.73611,74,A
19.4075,77.69945,45,A
24.50177,56.60718,69,A
27.73297,95.42423,38,T
26.57549,101.66588,72,T
27.55898,95.14735,0,T
26.71528,93.52979,33,T
26.64164,93.23203,0,T
23.53841,101.66521,14,T
18.40787,95.57684,73,T
39.84642,98.26811,72,T
39.84485,98.27986,57,T
36.16056,100.61176,26,T
36.02684,100.5731,12,T
25.48635,76.58634,71,T
25.48886,76.58062,66,T
25.4549,76.57306,59,T
25.45184,76.58977,73,T
25.61482,69.00721,62,T
24.83517,67.25838,66,T
22.83043,77.84968,54,T
23.32548,72.05166,48,T
21.87348,73.40502,34,T
21.343,73.00581,61,T
19.38088,75.47868,61,T
18.68587,73.04081,43,T
37.30612,78.88423,30,T
31.36376,77.35723,67,T
31.36052,77.37515,49,T
31.43421,75.41285,70,T
31.02711,75.75983,60,T
31.02494,75.77235,66,T
31.02391,75.76556,72,T
30.80016,75.20309,69,T
30.55301,75.62773,59,T
30.44924,75.93467,62,T
30.26447,75.80659,69,T
-7.6167,138.38007,77,T
-7.68567,138.7946,81,T
-7.60553,138.37605,81,T
-7.69373,138.78738,92,T
-2.48025,114.17727,38,T
-3.87187,122.39372,25,T
-3.8733,122.4034,78,T
-4.50761,122.89051,0,T
-4.51665,122.88921,67,T
-9.02637,125.41432,47,T
-9.08148,125.28741,52,T
-9.08284,125.29713,85,T
-9.68472,124.20792,35,T
-8.83517,117.11731,37,T
-9.59308,119.97969,70,T
1.49212,127.63419,46,T
1.44508,125.18694,0,T
-2.01009,121.43684,69,T
-2.57452,121.37929,88,T
-2.57611,121.39029,81,T
-2.57584,121.38438,88,T
-2.87752,122.16466,54,T
9.28062,105.72746,35,T
4.21091,100.78377,41,T
3.94385,101.0409,66,T
-0.38705,102.78419,7,T
-2.0632,101.39471,68,T
-3.00975,104.03373,31,T
-3.30704,105.59923,56,T
-3.33389,105.43143,52,T
-4.03075,104.60529,73,T
-4.23025,105.46999,49,T
-4.52166,105.22789,29,T
-4.74435,104.72115,71,T
26.62222,101.60255,77,T
24.38402,109.37495,47,T
22.42016,109.95471,39,T
17.2069,102.98236,64,T
15.24374,105.23563,58,T
11.49566,104.63093,80,T
11.48643,104.62952,68,T
11.13121,106.6068,56,T
10.75865,106.31136,61,T
10.76091,103.80167,72,T
10.56617,104.96821,45,T
10.55669,104.96677,49,T
10.6104,103.63447,49,T
-2.1213,120.71201,45,A
-8.1422,139.46538,27,A
-8.12833,139.46306,77,A
-8.26037,138.09467,83,A
-8.26332,138.07635,57,A
-8.25848,137.87286,46,A
-8.24876,137.90054,26,A
-10.21613,123.97687,53,A
-8.02724,138.79358,50,A
-8.01406,138.7914,96,A
-8.01754,138.77045,51,A
-8.00089,138.7892,52,A
-7.9061,139.26945,37,A
-8.01865,138.78728,87,A
-8.00213,138.80612,69,A
-8.00548,138.78508,90,A
-7.91458,139.26607,28,A
-7.8202,139.10272,63,A
-7.69062,139.16875,46,A
-7.82566,138.34767,72,A
-7.69925,138.80069,64,A
-7.70268,138.77942,72,A
-9.7293,124.71247,66,A
-7.61329,138.3604,83,A
-7.61655,138.34071,64,A
-9.58122,124.7831,73,A
-7.61056,138.37297,88,A
-7.61367,138.3532,87,A
-8.82735,125.63814,49,A
-8.82978,125.63342,35,A
-8.4675,122.39617,0,A
-8.46267,122.39224,0,A
-5.38264,123.037,84,A
-3.87522,122.40136,41,A
-3.8793,122.39474,48,A
9.29841,105.95216,12,A
12.44189,98.60611,0,A
12.82129,99.91212,79,A
13.6098,101.33141,63,A
14.55104,102.33784,52,A
14.10723,99.21941,72,A
14.79563,100.1478,72,A
16.12204,102.10877,69,A
15.95457,100.0004,66,A
16.21164,100.28612,53,A
17.23804,100.12173,74,A
17.69456,95.91315,27,A
18.20426,98.64041,65,A
-8.95906,116.85289,42,A
-6.68891,108.03419,78,A
-6.5364,106.16232,37,A
-5.74394,105.71557,36,A
-4.682,105.41335,38,A
-4.52745,105.78551,59,A
-4.51861,105.71965,83,A
-4.702,104.09773,96,A
-4.70346,104.08731,95,A
-4.63467,104.46648,100,A
-4.63612,104.45644,89,A
-4.61046,104.2985,54,A
-4.48874,105.08797,73,A
-4.49009,105.07854,58,A
-4.40078,105.51041,39,A
-4.40208,105.50127,41,A
-4.3918,105.51272,41,A
-4.39313,105.50359,88,A
-4.39445,105.49445,51,A
-4.36718,105.5557,63,A
-4.51693,104.51507,65,A
-4.31162,105.68661,62,A
-3.07224,113.91215,30,A
-4.24243,105.58688,81,A
-4.31645,105.07018,72,A
-4.19214,105.74578,62,A
-4.26109,105.14256,74,A
-4.1212,105.72971,48,A
-4.08787,105.63551,73,A
-4.12453,105.05899,30,A
-4.17964,104.43217,54,A
-3.98648,105.44824,28,A
-3.98779,105.43913,62,A
-3.92696,105.73524,60,A
-3.90384,105.83263,55,A
-3.8949,105.83133,99,A
-3.89618,105.82237,77,A
-3.91673,105.6077,31,A
-3.8139,105.877,75,A
-3.81518,105.86806,35,A
-3.82296,105.75035,43,A
-4.01752,104.38197,75,A
-4.06583,103.94655,53,A
-2.48953,114.16042,73,A
-2.47486,114.15818,70,A
-3.98006,103.99813,86,A
-2.48808,114.15289,63,A
-3.73851,105.37508,63,A
-3.72866,105.18632,37,A
-2.33139,114.09655,20,A
-3.74722,104.54624,68,A
-3.58613,105.60626,39,A
-3.54882,105.80228,42,A
-3.57716,105.60496,25,A
-3.53326,105.6472,51,A
-3.51652,105.69974,70,A
-3.46405,105.74697,100,A
-3.49901,105.43956,63,A
-3.44618,105.74438,58,A
-3.41715,105.81651,99,A
-3.41844,105.80759,100,A
-3.49148,104.91584,85,A
-3.27628,105.38943,38,A
-3.05087,105.61115,9,A
-3.02301,105.35248,27,A
-2.8375,105.42399,41,A
-2.75525,103.25092,73,A
0.548,102.9703,32,A
21.90041,100.05223,44,A
21.99316,100.48983,18,A
21.89224,99.75167,32,A
22.17058,101.34694,31,A
22.77578,100.86341,22,A
22.41214,97.83384,30,A
22.48182,97.33434,60,A
23.17025,100.33421,60,A
23.40238,100.66477,81,A
23.86865,96.46203,65,A
24.7338,101.30205,78,A
24.69535,97.40759,59,A
25.07169,97.50432,62,A
25.13264,97.48549,70,A
25.40315,98.01299,38,A
25.56841,96.64584,65,A
25.69177,96.65211,68,A
26.26622,96.64407,62,A
25.70998,92.86027,65,A
26.54434,96.45018,51,A
27.74379,102.20586,58,A
27.69673,101.59917,73,A
27.69539,101.58865,50,A
27.42585,97.179,58,A
27.42412,97.16827,59,A
27.51679,97.16566,74,A
27.51493,97.15415,58,A
27.69557,96.18711,69,A
28.10286,96.54959,61,A
28.70596,89.02492,0,A
28.70203,89.01773,0,A
29.30142,91.14143,0,A
-7.97713,138.77472,23,T
-9.60259,123.783,70,T
-8.97795,125.43404,100,T
-8.97968,125.42263,44,T
-4.77407,120.27541,68,T
-3.87466,122.40634,66,T
-3.71437,116.21027,15,T
-2.57331,121.38394,76,T
0.68682,117.55599,62,T
-4.33191,105.29364,49,T
-2.57529,121.37706,95,A
-2.57694,121.38815,100,A
-2.57698,121.38261,100,A
-2.57868,121.39359,95,A
-8.98468,125.43892,51,A
13.25937,123.68266,59,A
26.57026,101.67762,39,A
-6.69921,138.95685,54,T
-7.26238,139.09262,60,T
-7.31411,139.00392,18,T
-7.32952,138.98305,76,T
-7.39488,139.11835,100,T
-7.39619,139.12761,81,T
-7.49528,138.27763,37,T
-7.62854,139.20601,62,T
-7.62988,139.21536,77,T
-7.69194,139.20023,65,T
-7.70502,139.22708,77,T
-7.71605,138.78592,65,T
-7.84119,139.47282,78,T
-7.84254,139.48242,80,T
-7.78667,138.76669,39,T
-7.96294,139.88889,65,T
-7.79179,138.35378,67,T
-7.79309,138.36276,54,T
-8.04443,139.8819,67,T
-8.10796,140.13232,49,T
-7.86173,138.13693,40,T
-7.86302,138.14587,19,T
-8.06966,139.58641,76,T
-8.30447,140.89532,71,T
-8.12875,138.13483,72,T
-8.13004,138.14377,71,T
-8.18325,138.5127,37,T
-8.94851,140.97943,53,T
29.41981,121.14869,65,T
24.007,117.05149,56,T
-3.00414,120.19704,0,T
-2.89736,115.93601,61,T
-3.62211,105.75778,36,T
-8.4282,118.09238,45,T
-8.30854,114.03072,43,T
14.06226,121.32694,56,T
28.99977,104.25001,52,T
27.73297,95.42423,38,T
26.57549,101.66588,72,T
27.55898,95.14735,0,T
26.71528,93.52979,33,T
26.64164,93.23203,0,T
23.53841,101.66521,14,T
18.40787,95.57684,73,T
-8.97576,140.90373,60,A
-8.34153,140.63048,67,A
-8.21302,140.23914,80,A
-8.21539,140.22043,75,A
-8.21203,140.23413,84,A
-8.03734,140.57095,61,A
-8.13299,139.46042,54,A
-8.25276,138.09464,66,A
-8.25297,138.08739,55,A
-8.00152,139.34819,43,A
-7.89171,139.2845,47,A
-7.89664,139.27809,28,A
-7.84399,139.46815,60,A
-7.94251,138.03148,38,A
-7.84257,138.34514,80,A
-7.84041,138.33769,79,A
-7.80801,138.35986,38,A
-7.79354,138.35799,64,A
-7.62661,138.61285,82,A
-7.61247,138.61098,98,A
-7.62223,138.60547,89,A
-7.60482,138.6281,68,A
-7.60808,138.60362,92,A
-7.57391,138.42166,33,A
-7.57717,138.39624,36,A
-7.57168,138.41631,42,A
-6.07078,140.31224,45,A
12.72929,121.16866,86,A
14.00631,121.00158,0,A
12.98143,109.00951,60,A
12.96966,109.00478,58,A
20.93749,109.86351,0,A
24.42839,105.69308,47,A
24.3504,105.31803,58,A
24.81504,106.68259,70,A
26.36639,109.9008,20,A
-10.31932,123.60005,75,A
-10.0098,124.29845,44,A
-9.79043,123.81841,46,A
-9.6207,124.6878,77,A
-9.61093,124.68645,59,A
-9.65885,124.18243,49,A
-10.17781,120.63653,55,A
-9.56306,124.66246,77,A
-9.44909,124.00134,54,A
-9.45065,123.99095,78,A
-9.37807,123.98416,35,A
-9.29058,124.24205,54,A
-9.21634,124.58382,72,A
-8.95014,125.83944,62,A
-8.97683,125.67084,79,A
-8.89395,125.67508,52,A
-8.72656,126.51876,63,A
-9.64535,120.04459,73,A
-8.66616,125.30235,17,A
-9.42317,119.86138,61,A
-8.59769,122.16074,66,A
-8.46947,122.40286,0,A
-8.65064,118.97674,50,A
-8.34531,120.64777,53,A
-8.33498,120.65572,42,A
-8.33628,120.64654,44,A
-5.20168,123.01501,70,A
-4.6499,121.92873,75,A
-4.42788,122.31064,59,A
-4.44361,122.14062,68,A
-4.38257,121.61359,95,A
-4.38388,121.60453,100,A
-4.3736,121.61221,66,A
-4.37491,121.60319,99,A
-4.59466,119.95785,59,A
-4.50667,120.1239,69,A
-4.1572,121.95988,76,A
-4.15854,121.95065,80,A
-3.97889,122.10821,46,A
-3.96739,122.0617,80,A
-3.96875,122.05233,72,A
-3.99988,121.77371,47,A
-4.00121,121.76455,26,A
-3.88389,122.37764,62,A
-3.87043,122.40508,70,A
-3.87184,122.39548,70,A
-3.77392,122.37518,73,A
-3.77533,122.36562,94,A
-3.86605,121.74789,78,A
-3.7725,122.1353,66,A
-3.48311,122.22938,47,A
-3.67219,119.96576,69,A
-3.67349,119.95673,31,A
-3.16136,122.08512,92,A
-3.12398,121.84333,77,A
-3.01629,121.19202,65,A
-3.15851,120.00986,20,A
-2.84844,121.64235,64,A
-3.62046,115.46768,69,A
-3.6219,115.47701,80,A
-2.57315,121.38151,37,A
-2.48799,120.95966,55,A
-2.55818,120.21184,67,A
-2.31006,121.66888,33,A
-2.3114,121.65975,65,A
-2.46018,120.38157,71,A
-2.46146,120.37273,89,A
-2.21532,121.37037,57,A
-2.13746,121.46167,77,A
-2.13882,121.45238,90,A
-1.84289,121.58923,77,A
-1.84425,121.57993,75,A
4.60757,114.32966,28,A
29.77891,107.03068,29,A
30.71684,105.65656,17,A
-3.88927,105.48502,45,A
-3.80766,105.87642,59,A
-3.893,105.51328,67,A
-3.81987,105.87041,65,A
